etID  | Input | Balkan Romance | Common Romanian | Output {GOLD}
0      | #ˈaː# | *#ˈa# | *#ˈa# | *#ˈa# {GOLD: #ˈa#}
1      | #ˌabellˈoːnam# | *#aellˈona# | *#aelˈunə# | *#aelˈunə# {GOLD: #alˈunə#}
2      | #ˈad# | *#ˈa# | *#ˈa# | *#ˈa# {GOLD: #ˈa#}
3      | #ˌadˌakwˈaː# | *#adapˈa# | *#adəpˈa# | *#adəpˈa# {GOLD: #adəpˈa#}
4      | #ˌadˌappˈositum# | *#adapˈosetu# | *#adəpo̯ˈasetu# | *#adəpo̯ˈaset# {GOLD: #adəpˈost#}
5      | #ˌadˌastˈaː# | *#adastˈa# | *#adəstˈa# | *#adɨstˈa# {GOLD: #adəstˈa#}
6      | #ˌadˌawɡˈaː# | *#adaɡˈa# | *#adəɡˈa# | *#adəɡˈa# {GOLD: #adəwɡˈa#}
7      | #ˌaddˌewˈeːrum# | *#adeˈeru# | *#adˈeɾu# | *#adˈer# {GOLD: #adevˈər#}
8      | #ˌadˌidˈipsum# | *#adedˈesu# | *#adedˈesu# | *#adedˈes# {GOLD: #adˈins#}
9      | #ˌadiˈuːnɡe# | *#ad͡ʒˈund͡ʒe# | *#ad͡ʒˈund͡ʒe# | *#aʒˈund͡ʒe# {GOLD: #aʒˈund͡ʒe#}
10     | #ˌadiˌuːtˈaː# | *#ad͡ʒutˈa# | *#ad͡ʒutˈa# | *#aʒutˈa# {GOLD: #aʒutˈa#}
11     | #ˌadiˌuːtˈoːrium# | *#ad͡ʒutˈord͡ʒu# | *#ad͡ʒutˈoɾd͡ʒu# | *#aʒutˈorʒ# {GOLD: #aʒutˈor#}
12     | #ˌadlˈatera# | *#adlˈatera# | *#adlˈateɾə# | *#adlˈaterə# {GOLD: #alˈəturj#}
13     | #ˌadlˈeɡe# | *#adlˈɛd͡ʒe# | *#adʎe̯ˈad͡ʒe# | *#adjˈed͡ʒe# {GOLD: #alˈed͡ʒe#}
14     | #ˌallˌentˈaː# | *#allentˈa# | *#alentˈa# | *#alintˈa# {GOLD: #alintˈa#}
15     | #ˌadlˌonɡˈaː# | *#adlonɡˈa# | *#adlunɡˈa# | *#adlunɡˈa# {GOLD: #alunɡˈa#}
16     | #ˌadmˌaɡˈiː# | *#admad͡ʒˈi# | *#adməd͡ʒˈi# | *#adməd͡ʒj̊# {GOLD: #aməd͡ʒˈi#}
17     | #ˌadmˌiːnakiˈaː# | *#adminasd͡ʒˈa# | *#admenəsd͡ʒˈa# | *#admɨnɨsd͡ʒˈa# {GOLD: #amenint͡sˈa#}
18     | #ˌadnˌinˈaː# | *#adnenˈa# | *#adnenˈa# | *#adninˈa# {GOLD: #aninˈa#}
19     | #ˌadˌoliˈaː# | *#adold͡ʒˈa# | *#aduld͡ʒˈa# | *#aduld͡ʒˈa# {GOLD: #adiˈa#}
20     | #ˌaddˌormˈiː# | *#adormˈi# | *#aduɾmjˈi# | *#adurmj̊# {GOLD: #adormˈi#}
21     | #ˌadplˌikˈaː# | *#adplekˈa# | *#adplekˈa# | *#adplekˈa# {GOLD: #aplekˈa#}
22     | #ˌadpˈoːne# | *#adpˈone# | *#adpˈune# | *#adpˈune# {GOLD: #apˈune#}
23     | #ˌadpˈost# | *#adpˈoj# | *#adpˈoj# | *#adpˈoj# {GOLD: #apˈoj#}
24     | #ˌadprˌehˈende# | *#adprjˈɛnde# | *#adp?0ˈende# | *#adp?1ˈinde# {GOLD: #aprˈinde#}
25     | #ˌadprˈope# | *#adprˈope# | *#adpɾo̯ˈape# | *#adpro̯ˈape# {GOLD: #apro̯ˈape#}
26     | #ˌaddˈuːke# | *#adˈut͡ʃe# | *#adˈut͡ʃe# | *#adˈut͡ʃe# {GOLD: #adˈut͡ʃe#}
27     | #ˌadˌumbrˈiː# | *#adumbrˈi# | *#adumb?0ˈi# | *#adumb?1j̍# {GOLD: #adumbrˈi#}
28     | #ˌadˌunkˈaː# | *#adunkˈa# | *#adunkˈa# | *#adunkˈa# {GOLD: #adɨnkˈa#}
29     | #ˌadˈunkum# | *#adˈunku# | *#adˈunku# | *#adˈunk# {GOLD: #adˈɨnk#}
30     | #ˈaːeːr# | *#ˈare# | *#ˈaɾe# | *#ˈare# {GOLD: #ˈajer#}
31     | #ˌae̯rˈaːmen# | *#ae̯rˈame# | *#ae̯ɾˈəme# | *#ae̯rˈəme# {GOLD: #arˈamə#}
32     | #ˌafflˈaː# | *#aflˈa# | *#aflˈa# | *#aflˈa# {GOLD: #aflˈa#}
33     | #ˌaɡɡˈestum# | *#ad͡ʒˈɛstu# | *#ad͡ʒˈestu# | *#ad͡ʒˈest# {GOLD: #ad͡ʒˈest#}
34     | #ˈaɡilem# | *#ˈad͡ʒele# | *#ˈad͡ʒeɾe# | *#ˈad͡ʒere# {GOLD: #ˈad͡ʒer#}
35     | #ˌaɡurˈaː# | *#aɡurˈa# | *#aɡuɾˈa# | *#aɡurˈa# {GOLD: #aɡurˈa#}
36     | #ˌaɡˈustum# | *#aɡˈustu# | *#aɡˈustu# | *#aɡˈust# {GOLD: #aɡˈust#}
37     | #ˌajektˈaː# | *#ɛjstˈa# | *#jejstˈa# | *#jejstˈa# {GOLD: #ajeptˈa#}
38     | #ˌajˈuːnum# | *#ɛˈunu# | *#jeˈunu# | *#jeˈun# {GOLD: #aʒˈun#}
39     | #ˌajuːnˈaː# | *#ɛunˈa# | *#jeunˈa# | *#jeunˈa# {GOLD: #aʒunˈa#}
40     | #ˈakiam# | *#ˈad͡za# | *#ˈad͡zə# | *#ˈazə# {GOLD: #ˈat͡sə#}
41     | #ˌakkˌaptiˈaː# | *#akapd͡ʒˈa# | *#akəpd͡ʒˈa# | *#akəpd͡ʒˈa# {GOLD: #akət͡sˈa#}
42     | #ˈakrum# | *#ˈapru# | *#ˈapɾu# | *#ˈaprw̍# {GOLD: #ˈakru#}
43     | #ˌɑksˈunɡiɑ# | *#ɑsˈund͡ʒɑ# | *#ɑsˈund͡ʒə# | *#ɑsˈund͡ʒə# {GOLD: #osˈɨnzə#}
44     | #ˈakum# | *#ˈaku# | *#ˈaku# | *#ˈak# {GOLD: #ˈak#}
45     | #ˈakwam# | *#ˈapa# | *#ˈapə# | *#ˈapə# {GOLD: #ˈapə#}
46     | #ˌakwˈaːrium# | *#apˈard͡ʒu# | *#apˈaɾd͡ʒu# | *#apˈarʒ# {GOLD: #apˈar#}
47     | #ˌakwaːtˈoːsum# | *#apatˈosu# | *#apətˈosu# | *#apətˈos# {GOLD: #apətˈos#}
48     | #ˈakwilam# | *#ˈat͡ʃela# | *#ˈat͡ʃeɾə# | *#ˈat͡ʃerə# {GOLD: #ˈat͡ʃerə#}
49     | #ˌakwˈoːsum# | *#akˈosu# | *#akˈosu# | *#akˈos# {GOLD: #apˈos#}
50     | #ˌalbˈastrum# | *#albˈastru# | *#albˈastɾu# | *#albˈastrw̍# {GOLD: #albˈastru#}
51     | #ˌalbˈiː# | *#albˈi# | *#albjˈi# | *#albj̊# {GOLD: #albˈi#}
52     | #ˌalbˈitiam# | *#albˈed͡za# | *#albe̯ˈad͡zə# | *#albˈazə# {GOLD: #albe̯ˈat͡sə#}
53     | #ˌalbˈoːrem# | *#albˈore# | *#albo̯ˈaɾe# | *#albo̯ˈare# {GOLD: #albo̯ˈare#}
54     | #ˈalbum# | *#ˈalbu# | *#ˈalbu# | *#ˈalb# {GOLD: #ˈalb#}
55     | #ˌallˌewˈaːtum# | *#alleˈatu# | *#ale̯ˈatu# | *#ale̯ˈat# {GOLD: #aluˈat#}
56     | #ˌaltˈaːrium# | *#altˈard͡ʒu# | *#altˈaɾd͡ʒu# | *#altˈarʒ# {GOLD: #altˈar#}
57     | #ˈalterum# | *#ˈalteru# | *#ˈalteɾu# | *#ˈalter# {GOLD: #ˈalt#}
58     | #ˌaltˈitiam# | *#altˈed͡za# | *#alte̯ˈad͡zə# | *#alte̯ˈazə# {GOLD: #altˈit͡sə#}
59     | #ˌalweˈaːrium# | *#albd͡ʒˈard͡ʒu# | *#albd͡ʒˈaɾd͡ʒu# | *#albd͡ʒˈarʒ# {GOLD: #albjˈer#}
60     | #ˌalwˈeolam# | *#aljˈola# | *#a?0o̯ˈaɾə# | *#a?1o̯ˈarə# {GOLD: #albio̯ˈarə#}
61     | #ˌalwˈiːnam# | *#alˈina# | *#a?0ˈinə# | *#a?1ˈinə# {GOLD: #albˈinə#}
62     | #ˌamˈaːrum# | *#amˈaru# | *#əmˈaɾu# | *#əmˈar# {GOLD: #amˈar#}
63     | #ˌamaːrˈitiam# | *#amarˈed͡za# | *#əməɾe̯ˈad͡zə# | *#əməre̯ˈazə# {GOLD: #aməre̯ˈat͡sə#}
64     | #ˌamendˈui# | *#amendwˈi# | *#əmendwjˈi# | *#əmindwj̊# {GOLD: #amɨndˈoj#}
65     | #ˌammˌattˈiː# | *#amatˈi# | *#əmət͡sˈi# | *#əmət͡sj̊# {GOLD: #amet͡sˈi#}
66     | #ˌammˌortˈiː# | *#amortˈi# | *#əmuɾt͡sˈi# | *#əmurt͡sj̊# {GOLD: #amort͡sˈi#}
67     | #ˌammˌutˈiː# | *#amutˈi# | *#əmut͡sˈi# | *#əmut͡sj̊# {GOLD: #amut͡sˈi#}
68     | #ˌappˌarˈaː# | *#aparˈa# | *#apəɾˈa# | *#apərˈa# {GOLD: #apərˈa#}
69     | #ˌappˌensˈaː# | *#apesˈa# | *#apesˈa# | *#apəsˈa# {GOLD: #apəsˈa#}
70     | #ˌaprˈiːkum# | *#aprˈiku# | *#ap?0ˈiku# | *#ap?1ˈik# {GOLD: #ˈapriɡ#}
71     | #ˌarˈaː# | *#arˈa# | *#aɾˈa# | *#arˈa# {GOLD: #arˈa#}
72     | #ˌaraːtˈoːrem# | *#aratˈore# | *#aɾəto̯ˈaɾe# | *#arəto̯ˈare# {GOLD: #arətˈor#}
73     | #ˌaraːtˈoːrium# | *#aratˈord͡ʒu# | *#aɾətˈoɾd͡ʒu# | *#arətˈorʒ# {GOLD: #arətˈor#}
74     | #ˌarˈaːtrum# | *#arˈatru# | *#aɾˈatɾu# | *#arˈatrw̍# {GOLD: #arˈat#}
75     | #ˌarˈaːtum# | *#arˈatu# | *#aɾˈatu# | *#arˈat# {GOLD: #arˈat#}
76     | #ˌaratˈuːram# | *#aratˈura# | *#aɾətˈuɾə# | *#arətˈurə# {GOLD: #arətˈurə#}
77     | #ˈarborem# | *#ˈarbore# | *#ˈaɾbuɾe# | *#ˈarbure# {GOLD: #ˈarbure#}
78     | #ˌarborˈeːtum# | *#arborˈetu# | *#aɾbuɾˈetu# | *#arburˈet# {GOLD: #arburˈet#}
79     | #ˈarde# | *#ˈarde# | *#ˈaɾde# | *#ˈarde# {GOLD: #ˈarde#}
80     | #ˌarɡˈentum# | *#ard͡ʒˈɛntu# | *#aɾd͡ʒˈentu# | *#ard͡ʒˈint# {GOLD: #ard͡ʒˈint#}
81     | #ˌarɡentˈaːrium# | *#ard͡ʒentˈard͡ʒu# | *#aɾd͡ʒentˈaɾd͡ʒu# | *#ard͡ʒintˈarʒ# {GOLD: #ard͡ʒintˈar#}
82     | #ˌarɡentˈoːsum# | *#ard͡ʒentˈosu# | *#aɾd͡ʒentˈosu# | *#ard͡ʒintˈos# {GOLD: #ard͡ʒintˈos#}
83     | #ˌarkˈaːrium# | *#arkˈard͡ʒu# | *#aɾkˈaɾd͡ʒu# | *#arkˈarʒ# {GOLD: #arkˈar#}
84     | #ˈarkum# | *#ˈarku# | *#ˈaɾku# | *#ˈark# {GOLD: #ˈark#}
85     | #ˌaːrsˈuːram# | *#asˈura# | *#asˈuɾə# | *#asˈurə# {GOLD: #arsˈurə#}
86     | #ˈaskla# | *#ˈaskla# | *#ˈaskʎe# | *#ˈaskje# {GOLD: #ˈaʃkje#}
87     | #bˌaptidiˈoːnem# | *#bapted͡ʒˈone# | *#bəpted͡ʒˈune# | *#bəpteʒˈune# {GOLD: #boteʒˈune#}
88     | #bˌaptid͡zˈaː# | *#bapted͡zˈa# | *#bəpted͡zˈa# | *#bəptezˈa# {GOLD: #botezˈa#}
89     | #bˌasˈilikam# | *#basˈeleka# | *#bəse̯ˈaɾekə# | *#bəsˈerekə# {GOLD: #bisˈerikə#}
90     | #bˌattuˈaːlia# | *#batˈald͡ʒa# | *#bətˈald͡ʒə# | *#bətˈald͡ʒə# {GOLD: #bətˈaje#}
91     | #brˈaːkae̯# | *#brˈakae̯# | *#bɾˈakəe̯# | *#brˈakəe̯# {GOLD: #brˈat͡ʃe#}
92     | #brˈoːtʰakum# | *#brˈotaku# | *#bɾo̯ˈatəku# | *#bro̯ˈatək# {GOLD: #bro̯ˈatek#}
93     | #dˌamnˈaː# | *#damnˈa# | *#dəmnˈa# | *#dɨmnˈa# {GOLD: #dəwnˈa#}
94     | #dˌeːbitˈoːrem# | *#deetˈore# | *#deto̯ˈaɾe# | *#deto̯ˈare# {GOLD: #datˈor#}
95     | #dˌeːraːmˈaː# | *#deramˈa# | *#deɾəmˈa# | *#derəmˈa# {GOLD: #dərɨmˈa#}
96     | #dˌeːsˌiːderˈaː# | *#desiderˈa# | *#desedeɾˈa# | *#desederˈa# {GOLD: #deʃiderˈa#}
97     | #diˈaːna# | *#d͡ʒˈana# | *#d͡ʒˈənə# | *#d͡ʒˈɨnə# {GOLD: #zˈɨnə#}
98     | #dˌiskˌarrikˈaː# | *#dskarrekˈa# | *#dskərrekˈa# | *#dskɨrəkˈa# {GOLD: #deskərkˈa#}
99     | #dˌolˈoːrem# | *#dolˈore# | *#duɾo̯ˈaɾe# | *#duro̯ˈare# {GOLD: #duro̯ˈare#}
100    | #dˌuplikˈaː# | *#duplekˈa# | *#duplekˈa# | *#duplekˈa# {GOLD: #duplekˈa#}
101    | #kˌɑbɑllˈɑːrem# | *#kɑɑllˈɑre# | *#kəɑlˈɑɾe# | *#kəɑlˈɑre# {GOLD: #kəlˈare#}
102    | #kˈae̯lum# | *#kˈae̯lu# | *#kˈae̯ɾu# | *#kˈae̯r# {GOLD: #t͡ʃˈer#}
103    | #kˌɑntikˈellum# | *#kɑntet͡ʃˈɛllu# | *#kəntet͡ʃˈelu# | *#kɨntet͡ʃˈel# {GOLD: #kɨntet͡ʃˈel#}
104    | #kˌɑpˈistrum# | *#kɑpˈestru# | *#kəpˈestɾu# | *#kəpˈəstrw̍# {GOLD: #kəpˈəstru#}
105    | #kˌɑpitˈiːnɑ# | *#kɑpetˈinɑ# | *#kəpet͡sˈinə# | *#kəpet͡sˈinə# {GOLD: #kəpət͡sˈɨnə#}
106    | #kˈɑwulɑm# | *#kˈɑulɑ# | *#kˈɑuɾə# | *#kˈɑurə# {GOLD: #ɡˈawrə#}
107    | #kˈeːpɑm# | *#t͡ʃˈepɑ# | *#t͡ʃe̯ˈapə# | *#t͡ʃe̯ˈapə# {GOLD: #t͡ʃe̯ˈapə#}
108    | #kˌeːrɑsiˈɑːrium# | *#t͡ʃerɑsd͡ʒˈɑrd͡ʒu# | *#t͡ʃeɾəsd͡ʒˈɑɾd͡ʒu# | *#t͡ʃerɨsd͡ʒˈɑrʒ# {GOLD: #t͡ʃireʃˈar#}
109    | #kˌeːrˈesiɑ# | *#t͡ʃerˈɛsd͡ʒɑ# | *#t͡ʃe?0e̯ˈasd͡ʒə# | *#t͡ʃe?1e̯ˈasd͡ʒə# {GOLD: #t͡ʃire̯ˈaʃə#}
110    | #kˌertˈɑː# | *#t͡ʃertˈɑ# | *#t͡ʃeɾtˈɑ# | *#t͡ʃertˈɑ# {GOLD: #t͡ʃertˈa#}
111    | #kˌikʰˈoriɑ# | *#t͡ʃekˈord͡ʒɑ# | *#t͡ʃeko̯ˈaɾd͡ʒə# | *#t͡ʃeko̯ˈard͡ʒə# {GOLD: #t͡ʃiko̯ˈare#}
112    | #kukˈuːtam# | *#kukˈuta# | *#kukˈutə# | *#kukˈutə# {GOLD: #kukˈutə#}
113    | #kˌoɡnˈɑːtum# | *#konnˈɑtu# | *#kunnˈɑtu# | *#kunˈɑt# {GOLD: #kumnˈat#}
114    | #kˌoktˈorium# | *#kostˈord͡ʒu# | *#kustˈoɾd͡ʒu# | *#kustˈorʒ# {GOLD: #kuptˈor#}
115    | #kˌomminikˈɑː# | *#komenekˈɑ# | *#kumenekˈɑ# | *#kuminekˈɑ# {GOLD: #kuminekˈa#}
116    | #kˌornˈuːtum# | *#kornˈutu# | *#kuɾnˈutu# | *#kurnˈut# {GOLD: #kornˈut#}
117    | #kˈorwum# | *#kˈoru# | *#kˈoɾu# | *#kˈor# {GOLD: #kˈorb#}
118    | #kˌottid͡zˈɑː# | *#koted͡zˈɑ# | *#kuted͡zˈɑ# | *#kutezˈɑ# {GOLD: #kutezˈa#}
119    | #krˈistɑm# | *#krˈestɑ# | *#kɾe̯ˈastə# | *#kre̯ˈastə# {GOLD: #kre̯ˈastə#}
120    | #kˌukˈuːtɑm# | *#kukˈutɑ# | *#kukˈutə# | *#kukˈutə# {GOLD: #kukˈutə#}
121    | #kˌurtiˈaː# | *#kurd͡ʒˈa# | *#kuɾd͡ʒˈa# | *#kurd͡ʒˈa# {GOLD: #krut͡sˈa#}
122    | #kˈodrum# | *#kˈodru# | *#kˈodɾu# | *#kˈodrw̍# {GOLD: #kˈodru#}
123    | #kwˈae̯re# | *#pˈae̯re# | *#pˈae̯ɾe# | *#pˈae̯re# {GOLD: #t͡ʃˈere#}
124    | #ekkuhˈik# | *#ekwˈi# | *#ekwjˈi# | *#ekwj̊# {GOLD: #at͡ʃˈi#}
125    | #ekkuhˈok# | *#ekwˈo# | *#ekwˈo# | *#ekwˈo# {GOLD: #akˈo#}
126    | #ekkeˈillum# | *#ekd͡ʒˈellu# | *#ekd͡ʒˈelu# | *#ekd͡ʒˈel# {GOLD: #at͡ʃˈel#}
127    | #ekkuˈistum# | *#et͡ʃˈestu# | *#et͡ʃˈestu# | *#et͡ʃˈest# {GOLD: #at͡ʃˈest#}
128    | #eksˈalbidum# | *#sˈalbedu# | *#sˈalbedu# | *#sˈalbəd# {GOLD: #sˈarbəd#}
129    | #ekskˌadˈeː# | *#skadˈe# | *#skədˈe# | *#skədˈe# {GOLD: #skəde̯ˈa#}
130    | #ekskˌambiˈaː# | *#skamd͡ʒˈa# | *#skəmd͡ʒˈa# | *#skɨmd͡ʒˈa# {GOLD: #skimbˈa#}
131    | #ekskˌappˈaː# | *#skapˈa# | *#skəpˈa# | *#skəpˈa# {GOLD: #skəpˈa#}
132    | #ekskˌarminˈaː# | *#skarmenˈa# | *#skəɾmenˈa# | *#skərmɨnˈa# {GOLD: #skərmənˈa#}
133    | #eksmˈulɡe# | *#smˈuld͡ʒe# | *#smˈuld͡ʒe# | *#smˈuld͡ʒe# {GOLD: #smˈuld͡ʒe#}
134    | #eksmˈultum# | *#smˈultu# | *#smˈultu# | *#smˈult# {GOLD: #smˈult#}
135    | #ekspellawˈaː# | *#spellaˈa# | *#spe̯ˈa# | *#spˈa# {GOLD: #spəlˈa#}
136    | #eːrˈikium# | *#erˈed͡zu# | *#eɾˈed͡zu# | *#erˈez# {GOLD: #arˈit͡ʃj#}
137    | #fˌabrikˈaː# | *#fawrekˈa# | *#fəwɾekˈa# | *#fəwrekˈa# {GOLD: #ferekˈa#}
138    | #fˈalkem# | *#fˈalt͡ʃe# | *#fˈalt͡ʃe# | *#fˈalt͡ʃe# {GOLD: #fˈalt͡ʃe#}
139    | #fˈalkiːs# | *#fˈalt͡ʃi# | *#fˈalt͡ʃi# | *#fˈalt͡ʃj̊# {GOLD: #fˈəlt͡ʃj#}
140    | #fˈarmakum# | *#fˈarmaku# | *#fˈaɾməku# | *#fˈarmək# {GOLD: #fˈarmek#}
141    | #fˌebruˈaːrium# | *#fewrˈard͡ʒu# | *#fewɾˈaɾd͡ʒu# | *#fəwrˈarʒ# {GOLD: #fəwrˈar#}
142    | #flˈakula# | *#flˈakula# | *#flˈakuɾə# | *#flˈakurə# {GOLD: #flˈakərə#}
143    | #fˌortˈuːnam# | *#fortˈuna# | *#fuɾtˈunə# | *#furtˈunə# {GOLD: #furtˈunə#}
144    | #fˌossˈɑːtum# | *#fosˈɑtu# | *#fusˈɑtu# | *#fusˈɑt# {GOLD: #sˈat#}
145    | #frˈeːnum# | *#frˈenu# | *#fɾˈenu# | *#frˈin# {GOLD: #frˈɨnə#}
146    | #frˈiːɡe# | *#frˈid͡ʒe# | *#f?0ˈid͡ʒe# | *#f?1ˈid͡ʒe# {GOLD: #frˈid͡ʒe#}
147    | #ɡˌɑlliːnˈɑːkeum# | *#ɡɑllinˈɑd͡zu# | *#ɡəlenˈɑd͡zu# | *#ɡəlinˈɑz# {GOLD: #ɡəjnˈat͡s#}
148    | #ɡlˈɑndɑm# | *#ɡlˈɑndɑ# | *#ɡʎˈɑndə# | *#ɡjˈɑndə# {GOLD: #ɡˈində#}
149    | #ɡlˈɑndulɑm# | *#ɡlˈɑndulɑ# | *#ɡʎˈɑnduɾə# | *#ɡjˈɑndurə# {GOLD: #ɡˈindurə#}
150    | #ɡˈulɑm# | *#ɡˈulɑ# | *#ɡˈuɾə# | *#ɡˈurə# {GOLD: #ɡˈurə#}
151    | #ɡˈyːrum# | *#d͡ʒˈiru# | *#d͡ʒˈiɾu# | *#d͡ʒˈir# {GOLD: #ʒˈur#}
152    | #ˌinpˌerɡˈyːrum# | *#enperd͡ʒˈiru# | *#enpeɾd͡ʒˈiɾu# | *#inperd͡ʒˈir# {GOLD: #ɨmpreʒˈur#}
153    | #hˈae̯dum# | *#ˈae̯du# | *#ˈae̯du# | *#ˈae̯d# {GOLD: #jˈed#}
154    | #hˈominem# | *#ˈomne# | *#ˈomne# | *#ˈomne# {GOLD: #ˈom#}
155    | #hˌorrˈiː# | *#orrˈi# | *#urrjˈi# | *#urj̊# {GOLD: #urˈɨ#}
156    | #ˌimperˈɑːtum# | *#emperˈɑtu# | *#empeɾˈɑtu# | *#impərˈɑt# {GOLD: #ɨmpərˈat#}
157    | #ˌinˈɑltum# | *#enˈɑltu# | *#enˈɑltu# | *#inˈɑlt# {GOLD: #ɨnˈalt#}
158    | #ˌinˌɑltiˈɑː# | *#enɑld͡ʒˈɑ# | *#enəld͡ʒˈɑ# | *#inəld͡ʒˈɑ# {GOLD: #ɨnəlt͡sˈa#}
159    | #ˌinkˌɑrrikˈɑː# | *#enkɑrrekˈɑ# | *#enkərrekˈɑ# | *#inkɨrəkˈɑ# {GOLD: #ɨnkərkˈa#}
160    | #ˌinkˌonɡˌyːrˈɑː# | *#enkond͡ʒirˈɑ# | *#enkund͡ʒeɾˈɑ# | *#inkund͡ʒerˈɑ# {GOLD: #ɨnkunʒurˈa#}
161    | #ˌindireːktˈɑː# | *#enderestˈɑ# | *#endeɾestˈɑ# | *#inderestˈɑ# {GOLD: #ɨndreptˈa#}
162    | #ˌinfˌɑskiˈɑː# | *#ifɑsd͡ʒˈɑ# | *#jifəsd͡ʒˈɑ# | *#ifɨsd͡ʒˈɑ# {GOLD: #ɨnfəʃˈa#}
163    | #ˌinɡˌɑnnˈɑː# | *#enɡɑnnˈɑ# | *#enɡənnˈɑ# | *#inɡɨnˈɑ# {GOLD: #ɨnɡənˈa#}
164    | #ˌinwˌitiˈɑː# | *#ened͡ʒˈɑ# | *#ened͡ʒˈɑ# | *#ined͡ʒˈɑ# {GOLD: #ɨnvət͡sˈa#}
165    | #iˌuːdikˈɑːtɑm# | *#d͡ʒudekˈɑtɑ# | *#d͡ʒudekˈɑtə# | *#ʒudekˈɑtə# {GOLD: #ʒudekˈatə#}
166    | #iɡnˈaːrium# | *#ennˈard͡ʒu# | *#ennˈaɾd͡ʒu# | *#inˈarʒ# {GOLD: #amnˈar#}
167    | #manuˈaːrium# | *#manˈard͡ʒu# | *#mənˈaɾd͡ʒu# | *#mɨnˈarʒ# {GOLD: #mɨnˈer#}
168    | #mastikˈaː# | *#mastekˈa# | *#məstekˈa# | *#mɨstekˈa# {GOLD: #mestekˈa#}
169    | #mikstikˈaː# | *#mstekˈa# | *#mstekˈa# | *#mstekˈa# {GOLD: #mestekˈa#}
170    | #pˌɑːwˈoːnem# | *#pɑˈone# | *#pəˈune# | *#pəˈune# {GOLD: #pəˈun#}
171    | #pˈektinem# | *#pˈɛptene# | *#pje̯ˈaptene# | *#pjˈeptine# {GOLD: #pjˈepten#}
172    | #pˌekˈulium# | *#pekˈuld͡ʒu# | *#pekˈuld͡ʒu# | *#pəkˈulʒ# {GOLD: #pəkˈuj#}
173    | #pˈerɡulɑm# | *#pˈɛrɡulɑ# | *#pje̯ˈaɾɡuɾə# | *#pjˈarɡurə# {GOLD: #pˈɨrɡje#}
174    | #pˌistˈaːlia# | *#pstˈald͡ʒa# | *#pstˈald͡ʒə# | *#pstˈald͡ʒə# {GOLD: #pəstˈaje#}
175    | #pˈittulɑm# | *#pˈetulɑ# | *#pe̯ˈatuɾə# | *#pˈaturə# {GOLD: #pˈəturə#}
176    | #plˈɑːɡɑ# | *#plˈɑɡɑ# | *#plˈɑɡə# | *#plˈɑɡə# {GOLD: #plˈaɡə#}
177    | #plˈoːppus# | *#plˈopu# | *#plˈopu# | *#plˈop# {GOLD: #plˈop#}
178    | #prˈae̯dɑ# | *#prˈae̯dɑ# | *#pɾˈae̯də# | *#prˈae̯də# {GOLD: #prˈadə#}
179    | #prˌae̯dˈɑː# | *#prae̯dˈɑ# | *#pɾəe̯dˈɑ# | *#prəe̯dˈɑ# {GOLD: #prədˈa#}
180    | #prˈae̯byter# | *#prˈae̯etre# | *#pɾˈae̯etɾe# | *#prˈae̯etre# {GOLD: #prˈeot#}
181    | #prˌiːmɑwˈeːrɑm# | *#primɑˈerɑ# | *#pɾeməe̯ˈaɾə# | *#priməe̯ˈarə# {GOLD: #prˈiməvarə#}
182    | #pˈunɡɑm# | *#pˈunɡɑ# | *#pˈunɡə# | *#pˈunɡə# {GOLD: #pˈunɡə#}
183    | #sˌɑɡˈittɑm# | *#sɑd͡ʒˈetɑ# | *#səd͡ʒe̯ˈatə# | *#səd͡ʒe̯ˈatə# {GOLD: #səd͡ʒe̯ˈatə#}
184    | #sˌɑɡittˈɑː# | *#sɑd͡ʒetˈɑ# | *#səd͡ʒetˈɑ# | *#səd͡ʒetˈɑ# {GOLD: #səd͡ʒetˈa#}
185    | #sˈaːnktum# | *#sˈantu# | *#sˈantu# | *#sˈant# {GOLD: #sˈɨnt#}
186    | #sˈappa# | *#sˈapa# | *#sˈapə# | *#sˈapə# {GOLD: #sˈapə#}
187    | #sˌappˈa# | *#sapˈa# | *#səpˈa# | *#səpˈa# {GOLD: #səpˈa#}
188    | #sˌekrˈeːtus# | *#srˈetu# | *#sɾˈetu# | *#srˈet# {GOLD: #səkrˈet#}
189    | #sˈerrɑ# | *#sˈɛrrɑ# | *#ʃe̯ˈarrə# | *#ʃˈarə# {GOLD: #ʃˈarə#}
190    | #skˌintˈiliam# | *#st͡ʃentˈeld͡ʒa# | *#ʃt͡ʃente̯ˈald͡ʒə# | *#ʃt͡ʃinte̯ˈald͡ʒə# {GOLD: #skɨntˈeje#}
191    | #skˌantˈiliam# | *#skantˈeld͡ʒa# | *#skənte̯ˈald͡ʒə# | *#skɨnte̯ˈald͡ʒə# {GOLD: #skɨntˈeje#}
192    | #strˈambum# | *#strˈambu# | *#stɾˈambu# | *#strˈamb# {GOLD: #strˈɨmb#}
193    | #stˈuppɑ# | *#stˈupɑ# | *#stˈupə# | *#stˈupə# {GOLD: #stˈupə#}
194    | #ˌadstˌuppˈaː# | *#astupˈa# | *#astupˈa# | *#astupˈa# {GOLD: #astupˈa#}
195    | #stˈuːlɑ# | *#stˈulɑ# | *#stˈuɾə# | *#stˈurə# {GOLD: #stˈurə#}
196    | #ˌululˈɑː# | *#ullˈɑ# | *#ulˈɑ# | *#ulˈɑ# {GOLD: #urlˈa#}
197    | #wˌeːssˈiːkɑm# | *#esˈikɑ# | *#eʃˈikə# | *#eʃˈikə# {GOLD: #bəʃˈikə#}
198    | #wˈiskum# | *#ˈesku# | *#ˈesku# | *#ˈesk# {GOLD: #vˈɨsk#}
199    | #wˈiːtrikus# | *#ˈitreku# | *#jˈitɾeku# | *#ˈitrek# {GOLD: #vˈitreɡ#}
200    | #fˈeːtus# | *#fˈetu# | *#fˈetu# | *#fˈət# {GOLD: #fˈət#}
201    | #fˈeːta# | *#fˈeta# | *#fe̯ˈatə# | *#fˈatə# {GOLD: #fˈatə#}
202    | #jˈuwenis# | *#d͡ʒˈueni# | *#d͡ʒˈueɲi# | *#ʒˈuij̊# {GOLD: #ʒˈune#}
203    | #jˈuwenem# | *#d͡ʒˈuene# | *#d͡ʒˈuene# | *#ʒˈuine# {GOLD: #ʒˈune#}
204    | #mˈaskulum# | *#mˈaskulu# | *#mˈaskuɾu# | *#mˈaskur# {GOLD: #mˈaskur#}
205    | #nˈaːtum# | *#nˈatu# | *#nˈatu# | *#nˈat# {GOLD: #nˈat#}
206    | #tˈenerum# | *#tˈɛneru# | *#t͡sˈeneɾu# | *#t͡sˈiner# {GOLD: #tˈɨnər#}
207    | #wˌeterˈaːnum# | *#eterˈanu# | *#eteɾˈənu# | *#eterˈɨn# {GOLD: #bətrˈɨn#}
208    | #kˈorpus# | *#kˈorpu# | *#kˈoɾpu# | *#kˈorp# {GOLD: #kˈorp#}
209    | #stˈaːtum# | *#stˈatu# | *#stˈatu# | *#stˈat# {GOLD: #stˈat#}
210    | #bˈarba# | *#bˈarba# | *#bˈaɾbə# | *#bˈarbə# {GOLD: #bˈarbə#}
211    | #bˈukkam# | *#bˈuka# | *#bˈukə# | *#bˈukə# {GOLD: #bˈukə#}
212    | #kˌapitˈiːnam# | *#kapetˈina# | *#kəpet͡sˈinə# | *#kəpet͡sˈinə# {GOLD: #kəpət͡sˈɨnə#}
213    | #kˌerˈebrum# | *#t͡ʃerˈɛwru# | *#t͡ʃe?0ˈewɾu# | *#t͡ʃe?1ˈewr# {GOLD: #krˈejer#}
214    | #dˈentem# | *#dˈɛnte# | *#dˈente# | *#dˈinte# {GOLD: #dˈinte#}
215    | #flˈokkum# | *#flˈoku# | *#flˈoku# | *#flˈok# {GOLD: #flˈok#}
216    | #frˈontem# | *#frˈonte# | *#fɾˈonte# | *#frˈonte# {GOLD: #frˈunte#}
217    | #ɡˈenae̯# | *#d͡ʒˈɛnae̯# | *#d͡ʒˈenəe̯# | *#d͡ʒˈinəe̯# {GOLD: #d͡ʒe̯ˈanə#}
218    | #ɡˌinɡˈiːwa# | *#d͡ʒend͡ʒˈia# | *#d͡ʒend͡ʒˈia# | *#d͡ʒind͡ʒˈia# {GOLD: #d͡ʒind͡ʒˈije#}
219    | #ɡˈula# | *#ɡˈula# | *#ɡˈuɾə# | *#ɡˈurə# {GOLD: #ɡˈurə#}
220    | #lˈinɡwam# | *#lˈemba# | *#lˈembə# | *#lˈimbə# {GOLD: #lˈimbə#}
221    | #mˌaːksˈillam# | *#masˈella# | *#məse̯ˈawə# | *#məse̯ˈawə# {GOLD: #məse̯ˈa#}
222    | #nˈaːreːs# | *#nˈare# | *#nˈaɾe# | *#nˈare# {GOLD: #nˈərj#}
223    | #nˈaːriːs# | *#nˈari# | *#nˈa?0i# | *#nˈa?1j̊# {GOLD: #nˈərj#}
224    | #nˈaːsum# | *#nˈasu# | *#nˈasu# | *#nˈas# {GOLD: #nˈas#}
225    | #pˌalˈaːtum# | *#palˈatu# | *#pəɾˈatu# | *#pərˈat# {GOLD: #pərˈat͡s#}
226    | #rˈoːstrum# | *#rˈostru# | *#rrˈostɾu# | *#rˈostrw̍# {GOLD: #rˈost#}
227    | #tˈestam# | *#tˈɛsta# | *#t͡se̯ˈastə# | *#t͡sˈastə# {GOLD: #t͡se̯ˈastə#}
228    | #kˌerwˈiːkem# | *#t͡ʃerˈit͡ʃe# | *#t͡ʃe?0ˈit͡ʃe# | *#t͡ʃe?1ˈit͡ʃe# {GOLD: #t͡ʃerbˈit͡ʃe#}
229    | #ˈanimam# | *#ˈanma# | *#ˈanmə# | *#ˈanmə# {GOLD: #ˈinimə#}
230    | #kˌatˈeːna# | *#katˈena# | *#kətˈenə# | *#kətˈinə# {GOLD: #kətˈinə#}
231    | #kˈoːleum# | *#kˈold͡ʒu# | *#kˈold͡ʒu# | *#kˈolʒ# {GOLD: #kˈoj#}
232    | #kˈostam# | *#kˈosta# | *#ko̯ˈastə# | *#ko̯ˈastə# {GOLD: #ko̯ˈastə#}
233    | #kˈuːlum# | *#kˈulu# | *#kˈuɾu# | *#kˈur# {GOLD: #kˈur#}
234    | #fˌiːkˈaːtum# | *#fikˈatu# | *#fekˈatu# | *#fəkˈat# {GOLD: #fikˈat#}
235    | #hˈumerum# | *#ˈumeru# | *#ˈumeɾu# | *#ˈumər# {GOLD: #ˈumər#}
236    | #mˈatiam# | *#mˈad͡za# | *#mˈad͡zə# | *#mˈazə# {GOLD: #mˈat͡s#}
237    | #mˌinuːtˈalia# | *#menutˈald͡ʒa# | *#menutˈald͡ʒə# | *#mɨnutˈald͡ʒə# {GOLD: #məruntˈaje#}
238    | #mˈuːskulus# | *#mˈuskulu# | *#mˈuskuɾu# | *#mˈuskur# {GOLD: #mˈuʃkj#}
239    | #pˈiskem# | *#pˈest͡ʃe# | *#pe̯ˈaʃt͡ʃe# | *#pˈaʃt͡ʃe# {GOLD: #pˈeʃte#}
240    | #rˈeːnam# | *#rˈena# | *#rrˈenə# | *#rˈɨnə# {GOLD: #rˈɨnə#}
241    | #rˌeːnˈikulus# | *#renˈekulu# | *#rrenˈekuɾu# | *#rɨnˈekur# {GOLD: #rinˈikj#}
242    | #rˌenˈunkulus# | *#renˈunkulu# | *#rrenˈunkuɾu# | *#rɨnˈunkur# {GOLD: #rərˈunkj#}
243    | #sˈinum# | *#sˈenu# | *#sˈenu# | *#sˈin# {GOLD: #sˈɨn#}
244    | #spˌiːnˈaːlem# | *#spinˈale# | *#spenˈaɾe# | *#spɨnˈare# {GOLD: #spinˈare#}
245    | #splˈeːnam# | *#splˈena# | *#splˈenə# | *#splˈinə# {GOLD: #splˈinə#}
246    | #sˌubˈaːlam# | *#suɡˈala# | *#suɡˈaɾə# | *#suɡˈarə# {GOLD: #suo̯ˈarə#}
247    | #tˈitiam# | *#tˈed͡za# | *#te̯ˈad͡zə# | *#te̯ˈazə# {GOLD: #t͡sˈɨt͡sə#}
248    | #trˈunkulum# | *#trˈunkulu# | *#tɾˈunkuɾu# | *#trˈunkur# {GOLD: #trˈunkj#}
249    | #ˌumbilˈiːkus# | *#umbelˈiku# | *#umbe?0ˈiku# | *#umbe?1ˈik# {GOLD: #burˈik#}
250    | #wˌenˈeːnum# | *#enˈenu# | *#enˈenu# | *#inˈin# {GOLD: #venˈin#}
251    | #wˈentrem# | *#ˈɛntre# | *#ˈentɾe# | *#ˈintre# {GOLD: #vˈintre#}
252    | #ˈarmum# | *#ˈarmu# | *#ˈaɾmu# | *#ˈarm# {GOLD: #ˈarm#}
253    | #brˈakʰkʰium# | *#brˈakd͡ʒu# | *#bɾˈakd͡ʒu# | *#brˈakʒ# {GOLD: #brˈat͡s#}
254    | #kˌalkˈaːneum# | *#kalkˈand͡ʒu# | *#kəlkˈand͡ʒu# | *#kəlkˈanʒ# {GOLD: #kəlkˈɨj#}
255    | #kˈubitum# | *#kˈuetu# | *#kˈuetu# | *#kˈuet# {GOLD: #kˈot#}
256    | #dˈiɡitus# | *#dˈed͡ʒetu# | *#de̯ˈad͡ʒetu# | *#dˈed͡ʒet# {GOLD: #dˈed͡ʒet#}
257    | #dˌiːrˈeːktum# | *#dirˈeptu# | *#deɾˈeptu# | *#derˈept# {GOLD: #drˈept#}
258    | #ɡˌenˈukulum# | *#d͡ʒenˈukulu# | *#d͡ʒenˈukuɾu# | *#d͡ʒinˈukur# {GOLD: #d͡ʒenˈunkj#}
259    | #mˈanum# | *#mˈanu# | *#mˈənu# | *#mˈɨn# {GOLD: #mˈɨnə#}
260    | #mˈanam# | *#mˈana# | *#mˈənə# | *#mˈɨnə# {GOLD: #mˈɨnə#}
261    | #pˈalmam# | *#pˈalma# | *#pˈalmə# | *#pˈalmə# {GOLD: #pˈalmə#}
262    | #pˌetiˈolum# | *#ped͡ʒˈolu# | *#ped͡ʒˈoɾu# | *#pəʒˈor# {GOLD: #pit͡ʃˈor#}
263    | #pˈulpam# | *#pˈulpa# | *#pˈulpə# | *#pˈulpə# {GOLD: #pˈulpə#}
264    | #ˈunɡulam# | *#ˈunɡula# | *#ˈunɡuɾə# | *#ˈunɡurə# {GOLD: #ˈunɡje#}
265    | #kˈarnem# | *#kˈarne# | *#kˈaɾne# | *#kˈarne# {GOLD: #kˈarne#}
266    | #mˌedˈullam# | *#medˈulla# | *#medˈuvə# | *#mədˈuvə# {GOLD: #mədˈuvə#}
267    | #ˈossum# | *#ˈosu# | *#ˈosu# | *#ˈos# {GOLD: #ˈos#}
268    | #pˈellem# | *#pˈɛlle# | *#pje̯ˈale# | *#pjˈele# {GOLD: #pjˈele#}
269    | #ˌawdˈiː# | *#adˈi# | *#ad͡zˈi# | *#azj̊# {GOLD: #awzˈi#}
270    | #ˌaskultˈaː# | *#askultˈa# | *#askultˈa# | *#askultˈa# {GOLD: #askultˈa#}
271    | #kˌirkˈaː# | *#t͡ʃerkˈa# | *#t͡ʃeɾkˈa# | *#t͡ʃerkˈa# {GOLD: #t͡ʃerkˈa#}
272    | #ɡˌustˈaː# | *#ɡustˈa# | *#ɡustˈa# | *#ɡustˈa# {GOLD: #ɡustˈa#}
273    | #ɡˈustum# | *#ɡˈustu# | *#ɡˈustu# | *#ɡˈust# {GOLD: #ɡˈust#}
274    | #sˌentˈiː# | *#sentˈi# | *#sent͡sˈi# | *#sint͡sj̊# {GOLD: #simt͡sˈi#}
275    | #wˌidˈeː# | *#edˈe# | *#edˈe# | *#edˈe# {GOLD: #vede̯ˈa#}
276    | #stˌernuːtˈaː# | *#sternutˈa# | *#steɾnutˈa# | *#sternutˈa# {GOLD: #strənutˈa#}
277    | #sˌufflˈaː# | *#suflˈa# | *#suflˈa# | *#suflˈa# {GOLD: #suflˈa#}
278    | #ˌassudˈaː# | *#asudˈa# | *#asudˈa# | *#asudˈa# {GOLD: #asudˈa#}
279    | #kˌakˈaː# | *#kakˈa# | *#kəkˈa# | *#kəkˈa# {GOLD: #kəkˈa#}
280    | #fˈamem# | *#fˈame# | *#fˈəme# | *#fˈəme# {GOLD: #fo̯ˈame#}
281    | #ˌinɡlˌuttˈiː# | *#enɡlutˈi# | *#enɡʎut͡sˈi# | *#inɡjut͡sj̊# {GOLD: #ɨnɡit͡sˈi#}
282    | #ˌintˈinɡe# | *#entˈend͡ʒe# | *#entˈend͡ʒe# | *#intˈind͡ʒe# {GOLD: #ɨntˈind͡ʒe#}
283    | #lˈaːkrima# | *#lˈaprema# | *#lˈapɾemə# | *#lˈaprimə# {GOLD: #lˈakrimə#}
284    | #mˈuːkkus# | *#mˈuku# | *#mˈuku# | *#mˈuk# {GOLD: #mˈuk#}
285    | #sˌatˈullum# | *#satˈullu# | *#sətˈulu# | *#sətˈul# {GOLD: #sətˈul#}
286    | #sˌaturˈaː# | *#saturˈa# | *#sətuɾˈa# | *#səturˈa# {GOLD: #səturˈa#}
287    | #sˌorbˈeː# | *#sorbˈe# | *#suɾbˈe# | *#surbˈe# {GOLD: #sorbˈi#}
288    | #sˌuːdˈoːrem# | *#sudˈore# | *#sudo̯ˈaɾe# | *#sudo̯ˈare# {GOLD: #sudo̯ˈare#}
289    | #sˈuːɡe# | *#sˈud͡ʒe# | *#sˈud͡ʒe# | *#sˈud͡ʒe# {GOLD: #sˈud͡ʒe#}
290    | #kˌoːnstˈaː# | *#kostˈa# | *#kustˈa# | *#kustˈa# {GOLD: #kustˈa#}
291    | #fˌaktˈuːram# | *#fastˈura# | *#fəstˈuɾə# | *#fɨstˈurə# {GOLD: #fəptˈurə#}
292    | #fˈie# | *#fjˈe# | *#fjˈe# | *#fjˈe# {GOLD: #fˈi#}
293    | #lˌapidˈaː# | *#lapedˈa# | *#ləpedˈa# | *#ləpədˈa# {GOLD: #ləpədˈa#}
294    | #nˈaːske# | *#nˈast͡ʃe# | *#nˈaʃt͡ʃe# | *#nˈaʃt͡ʃe# {GOLD: #nˈaʃte#}
295    | #wˈiwum# | *#ˈeu# | *#ˈeu# | *#ˈe# {GOLD: #vˈiw#}
296    | #wˈiːwe# | *#ˈie# | *#jˈie# | *#ˈie# {GOLD: #vˈije#}
297    | #kˌastiːɡˈaː# | *#kastiɡˈa# | *#kəsteɡˈa# | *#kɨsteɡˈa# {GOLD: #kɨʃtiɡˈa#}
298    | #krˈeːske# | *#krˈest͡ʃe# | *#kɾe̯ˈaʃt͡ʃe# | *#krˈeʃt͡ʃe# {GOLD: #krˈeʃte#}
299    | #dˌormˈiː# | *#dormˈi# | *#duɾmjˈi# | *#durmj̊# {GOLD: #dormˈi#}
300    | #dˌormiːtˈaː# | *#dormitˈa# | *#duɾmetˈa# | *#durmətˈa# {GOLD: #dormitˈa#}
301    | #mˌanˈeː# | *#manˈe# | *#mənˈe# | *#mɨnˈe# {GOLD: #mɨne̯ˈa#}
302    | #mˌaːnikˈaː# | *#manekˈa# | *#mənekˈa# | *#mɨnekˈa# {GOLD: #mɨnekˈa#}
303    | #rˌepˌawsˈaː# | *#repasˈa# | *#rrepəsˈa# | *#rəpəsˈa# {GOLD: #rəposˈa#}
304    | #sˈomnum# | *#sˈomnu# | *#sˈomnu# | *#sˈomn# {GOLD: #sˈomn#}
305    | #wˌiɡilˈaː# | *#ed͡ʒelˈa# | *#ed͡ʒeɾˈa# | *#ed͡ʒerˈa# {GOLD: #veɡe̯ˈa#}
306    | #wˈiːsum# | *#ˈisu# | *#jˈisu# | *#ˈis# {GOLD: #vˈis#}
307    | #ˌekskˌaldˈaː# | *#skaldˈa# | *#skəldˈa# | *#skəldˈa# {GOLD: #skəldˈa#}
308    | #lˌawˈaː# | *#laˈa# | *#ləˈa# | *#ləˈa# {GOLD: #lˈa#}
309    | #pˌaːɡˈaːnus# | *#paɡˈanu# | *#pəɡˈənu# | *#pəɡˈɨn# {GOLD: #pəɡˈɨn#}
310    | #pˌektinˈaː# | *#pstenˈa# | *#pstenˈa# | *#pstinˈa# {GOLD: #pjeptənˈa#}
311    | #spˌurkˈaː# | *#spurkˈa# | *#spuɾkˈa# | *#spurkˈa# {GOLD: #spurkˈa#}
312    | #blˈandus# | *#blˈandu# | *#blˈandu# | *#blˈand# {GOLD: #blˈɨnd#}
313    | #blˌandˈitiem# | *#blandˈed͡ze# | *#blənde̯ˈad͡ze# | *#blɨndˈeze# {GOLD: #blɨndˈet͡se#}
314    | #kˌommittˈeː# | *#kometˈe# | *#kumetˈe# | *#kumetˈe# {GOLD: #kumetˈa#}
315    | #kˈompitum# | *#kˈompetu# | *#kˈompetu# | *#kˈompət# {GOLD: #kˈumpət#}
316    | #kottizˈaː# | *#kotezˈa# | *#kutezˈa# | *#kutezˈa# {GOLD: #kutezˈa#}
317    | #dolˈeː# | *#dolˈe# | *#duɾˈe# | *#durˈe# {GOLD: #dure̯ˈa#}
318    | #dˈolum# | *#dˈolu# | *#dˈoɾu# | *#dˈor# {GOLD: #dˈor#}
319    | #fˌeːlˈiːkem# | *#felˈit͡ʃe# | *#fe?0ˈit͡ʃe# | *#fe?1ˈit͡ʃe# {GOLD: #ferˈit͡ʃe#}
320    | #ˌindˌuːrˈaː# | *#endurˈa# | *#enduɾˈa# | *#indurˈa# {GOLD: #ɨndurˈa#}
321    | #ˌintˌerritˈaː# | *#enterretˈa# | *#enterretˈa# | *#interətˈa# {GOLD: #ɨntərɨtˈa#}
322    | #ˌinwiːtˈaː# | *#enitˈa# | *#enetˈa# | *#inetˈa# {GOLD: #ɨnvitˈa#}
323    | #mˈalum# | *#mˈalu# | *#mˈaɾu# | *#mˈar# {GOLD: #mˈar#}
324    | #mˈania# | *#mˈand͡ʒa# | *#mˈand͡ʒə# | *#mˈand͡ʒə# {GOLD: #mɨnˈije#}
325    | #miːrˈaː# | *#mirˈa# | *#meɾˈa# | *#mərˈa# {GOLD: #mirˈa#}
326    | #mˌiserˈeːre# | *#meserˈere# | *#meseɾe̯ˈaɾe# | *#meserˈere# {GOLD: #meserˈere#}
327    | #mˌoːnstrˈaː# | *#mostrˈa# | *#mustɾˈa# | *#mustrˈa# {GOLD: #mustrˈa#}
328    | #pˌakˈaː# | *#pakˈa# | *#pəkˈa# | *#pəkˈa# {GOLD: #pəkˈa#}
329    | #pˌae̯nitˈaː# | *#pae̯netˈa# | *#pəe̯netˈa# | *#pəe̯netˈa# {GOLD: #pənətˈa#}
330    | #pˌatˈiː# | *#patˈi# | *#pət͡sˈi# | *#pət͡sj̊# {GOLD: #pət͡sˈi#}
331    | #pˌensˈaː# | *#pesˈa# | *#pesˈa# | *#pəsˈa# {GOLD: #pəsˈa#}
332    | #piɡritˈaːriː# | *#peɡretˈari# | *#peɡɾetˈa?0i# | *#peɡretˈa?1j̊# {GOLD: #pred͡ʒetˈa#}
333    | #plaːkˈeː# | *#plat͡ʃˈe# | *#plət͡ʃˈe# | *#plət͡ʃˈe# {GOLD: #plət͡ʃe̯ˈa#}
334    | #planɡˈeː# | *#pland͡ʒˈe# | *#plənd͡ʒˈe# | *#plɨnd͡ʒˈe# {GOLD: #plɨnd͡ʒˈe#}
335    | #rˈiːde# | *#rˈide# | *#rrjˈide# | *#rˈide# {GOLD: #rˈɨde#}
336    | #rˈisum# | *#rˈesu# | *#rrˈesu# | *#rˈəs# {GOLD: #rˈɨs#}
337    | #sufferˈiː# | *#suferˈi# | *#sufe?0ˈi# | *#sufe?1j̊# {GOLD: #suferˈi#}
338    | #superˈaː# | *#superˈa# | *#supeɾˈa# | *#supərˈa# {GOLD: #supərˈa#}
339    | #suspiːrˈaː# | *#suspirˈa# | *#suspeɾˈa# | *#suspərˈa# {GOLD: #suspinˈa#}
340    | #timˈeː# | *#temˈe# | *#temˈe# | *#timˈe# {GOLD: #temˈe#}
341    | #timˈoːrem# | *#temˈore# | *#temo̯ˈaɾe# | *#timo̯ˈare# {GOLD: #temo̯ˈare#}
342    | #tremulˈaː# | *#tremlˈa# | *#tɾemlˈa# | *#trimlˈa# {GOLD: #tremurˈa#}
343    | #trˈiːstis# | *#trˈisti# | *#t?0ˈist͡si# | *#t?1ˈist͡sj̊# {GOLD: #trˈist#}
344    | #turbˈaː# | *#turbˈa# | *#tuɾbˈa# | *#turbˈa# {GOLD: #turbˈa#}
345    | #turbulˈaː# | *#turbulˈa# | *#tuɾbuɾˈa# | *#turburˈa# {GOLD: #tulburˈa#}
346    | #wirtˈuːtem# | *#ertˈute# | *#eɾtˈute# | *#ertˈute# {GOLD: #vɨrtˈute#}
347    | #kˌirkitˈaː# | *#t͡ʃert͡ʃetˈa# | *#t͡ʃeɾt͡ʃetˈa# | *#t͡ʃert͡ʃetˈa# {GOLD: #t͡ʃert͡ʃetˈa#}
348    | #kˌoːɡitˈaː# | *#kod͡ʒetˈa# | *#kud͡ʒetˈa# | *#kud͡ʒetˈa# {GOLD: #kud͡ʒetˈa#}
349    | #kˌoɡnˈoːske# | *#konnˈost͡ʃe# | *#kunno̯ˈaʃt͡ʃe# | *#kuno̯ˈaʃt͡ʃe# {GOLD: #kuno̯ˈaʃte#}
350    | #krˈeːde# | *#krˈede# | *#kɾe̯ˈade# | *#krˈede# {GOLD: #krˈede#}
351    | #ˌintˌelleːktiˈoːnem# | *#entellesd͡ʒˈone# | *#entelesd͡ʒˈune# | *#intelesʒˈune# {GOLD: #ɨnt͡selept͡ʃˈune#}
352    | #ˌintˌellˈeːktum# | *#entellˈeptu# | *#entelˈeptu# | *#intelˈept# {GOLD: #ɨnt͡selˈept#}
353    | #ˌintˌellˈiɡe# | *#entellˈed͡ʒe# | *#entele̯ˈad͡ʒe# | *#intelˈed͡ʒe# {GOLD: #ɨnt͡selˈed͡ʒe#}
354    | #juːdikˈaː# | *#d͡ʒudekˈa# | *#d͡ʒudekˈa# | *#ʒudekˈa# {GOLD: #ʒudekˈa#}
355    | #mˈentem# | *#mˈɛnte# | *#mˈente# | *#mˈinte# {GOLD: #mˈinte#}
356    | #mentiˈoːnem# | *#mend͡ʒˈone# | *#mend͡ʒˈune# | *#mɨnʒˈune# {GOLD: #mint͡ʃˈunə#}
357    | #mentˈiːriː# | *#mentˈiri# | *#ment͡sˈi?0i# | *#mint͡sˈi?1j̊# {GOLD: #mint͡sˈi#}
358    | #parˈeː# | *#parˈe# | *#pəɾˈe# | *#pərˈe# {GOLD: #pəre̯ˈa#}
359    | #perkˈipe# | *#pert͡ʃˈepe# | *#peɾt͡ʃe̯ˈape# | *#pərt͡ʃˈepe# {GOLD: #prit͡ʃˈepe#}
360    | #skˈiː# | *#st͡ʃˈi# | *#ʃt͡ʃˈi# | *#ʃt͡ʃj̊# {GOLD: #ʃtˈi#}
361    | #sˌanitˈoːsum# | *#sanetˈosu# | *#sənetˈosu# | *#sɨnetˈos# {GOLD: #sənətˈos#}
362    | #wˌindikˈaː# | *#endekˈa# | *#endekˈa# | *#indekˈa# {GOLD: #vindekˈa#}
363    | #wˌirtuˈoːsum# | *#ertˈosu# | *#eɾtˈosu# | *#ertˈos# {GOLD: #vɨrtˈos#}
364    | #ˌarˈaneam# | *#arˈand͡ʒa# | *#aɾˈand͡ʒə# | *#arˈand͡ʒə# {GOLD: #rˈɨje#}
365    | #kˈae̯kia# | *#kˈae̯d͡ʒa# | *#kˈae̯d͡ʒə# | *#kˈae̯d͡ʒə# {GOLD: #t͡ʃe̯ˈat͡sə#}
366    | #katˈellum# | *#katˈɛllu# | *#kət͡sˈelu# | *#kət͡sˈel# {GOLD: #kət͡sˈel#}
367    | #kˈossis# | *#kˈosi# | *#kˈoʃi# | *#kˈoʃj̊# {GOLD: #kˈoʃ#}
368    | #kˈyma# | *#t͡ʃˈema# | *#t͡ʃˈemə# | *#t͡ʃˈimə# {GOLD: #t͡ʃˈumə#}
369    | #dˌoloːrˈoːsus# | *#dolorˈosu# | *#duɾuɾˈosu# | *#dururˈos# {GOLD: #dururˈos#}
370    | #fˈebrem# | *#fˈɛwre# | *#fje̯ˈawɾe# | *#fjˈewre# {GOLD: #fjˈor#}
371    | #frˈiːɡora# | *#frˈiɡora# | *#f?0ˈiɡuɾə# | *#f?1ˈiɡurə# {GOLD: #frˈiɡurj#}
372    | #ɡˈeme# | *#d͡ʒˈɛme# | *#d͡ʒˈeme# | *#d͡ʒˈime# {GOLD: #d͡ʒˈeme#}
373    | #ɡˈemitum# | *#d͡ʒˈɛmetu# | *#d͡ʒˈemetu# | *#d͡ʒˈimət# {GOLD: #d͡ʒe̯ˈamət#}
374    | #ɡˈuttam# | *#ɡˈuta# | *#ɡˈutə# | *#ɡˈutə# {GOLD: #ɡˈutə#}
375    | #jˌakˈeː# | *#d͡ʒat͡ʃˈe# | *#d͡ʒət͡ʃˈe# | *#d͡ʒət͡ʃˈe# {GOLD: #zət͡ʃe̯ˈa#}
376    | #jˌakˈeː# | *#d͡ʒat͡ʃˈe# | *#d͡ʒət͡ʃˈe# | *#d͡ʒət͡ʃˈe# {GOLD: #d͡ʒət͡ʃe̯ˈa#}
377    | #lˌae̯sionˈaː# | *#lae̯sd͡ʒonˈa# | *#ləe̯sd͡ʒunˈa# | *#ləe̯sʒunˈa# {GOLD: #leʃinˈa#}
378    | #lˌanɡwˈeːskoː# | *#land͡ʒˈesko# | *#lənd͡ʒˈesku# | *#lɨnd͡ʒˈesk# {GOLD: #lɨnd͡ʒˈesk#}
379    | #lˈanɡwidus# | *#lˈand͡ʒedu# | *#lˈand͡ʒedu# | *#lˈand͡ʒed# {GOLD: #lˈɨnt͡ʃed#}
380    | #lˌanɡwˈoːrem# | *#lanɡˈore# | *#lənɡo̯ˈaɾe# | *#lɨnɡo̯ˈare# {GOLD: #lɨnɡo̯ˈare#}
381    | #morˈiːriː# | *#morˈiri# | *#mu?0ˈi?0i# | *#mu?1ˈi?1j̊# {GOLD: #murˈi#}
382    | #mˈortem# | *#mˈorte# | *#mo̯ˈaɾte# | *#mo̯ˈarte# {GOLD: #mo̯ˈarte#}
383    | #mˈortuum# | *#mˈortu# | *#mˈoɾtu# | *#mˈort# {GOLD: #mˈort#}
384    | #nˈae̯wus# | *#nˈae̯u# | *#nˈae̯u# | *#nˈae̯# {GOLD: #nˈeɡ#}
385    | #ˌokkˈiːde# | *#ot͡ʃˈide# | *#ut͡ʃˈide# | *#ut͡ʃˈide# {GOLD: #ut͡ʃˈide#}
386    | #pˌerˈiː# | *#perˈi# | *#pe?0ˈi# | *#pe?1j̊# {GOLD: #pjerˈi#}
387    | #pˌetˈiːɡinem# | *#petˈid͡ʒene# | *#pet͡sˈid͡ʒene# | *#pet͡sˈid͡ʒine# {GOLD: #pet͡ʃˈind͡ʒine#}
388    | #puːrˈoːnium# | *#purˈond͡ʒu# | *#puɾˈond͡ʒu# | *#purˈonʒ# {GOLD: #purˈoj#}
389    | #pustulˈellam# | *#pustulˈɛlla# | *#pustu?0e̯ˈawə# | *#pustu?1e̯ˈawə# {GOLD: #puʃke̯ˈa#}
390    | #rˌepˈoːne# | *#repˈone# | *#rrepˈune# | *#rəpˈune# {GOLD: #rəpˈune#}
391    | #tˌussˈiː# | *#tusˈi# | *#tuʃˈi# | *#tuʃj̊# {GOLD: #tuʃˈi#}
392    | #tˈussis# | *#tˈusi# | *#tˈuʃi# | *#tˈuʃj̊# {GOLD: #tˈuse#}
393    | #mˈankus# | *#mˈanku# | *#mˈanku# | *#mˈank# {GOLD: #mˈɨnk#}
394    | #mˈuːtum# | *#mˈutu# | *#mˈutu# | *#mˈut# {GOLD: #mˈut#}
395    | #ˈorbum# | *#ˈorbu# | *#ˈoɾbu# | *#ˈorb# {GOLD: #ˈorb#}
396    | #eksklˈoppum# | *#sklˈopu# | *#skʎˈopu# | *#skjˈop# {GOLD: #ʃkjˈop#}
397    | #ekskloppˈaː# | *#sklopˈa# | *#skʎupˈa# | *#skjupˈa# {GOLD: #ʃkjopˈa#}
398    | #sˈurdum# | *#sˈurdu# | *#sˈuɾdu# | *#sˈurd# {GOLD: #sˈurd#}
399    | #brˈakae̯# | *#brˈakae̯# | *#bɾˈakəe̯# | *#brˈakəe̯# {GOLD: #brˈat͡ʃe#}
400    | #kamˈisiam# | *#kamˈesd͡ʒa# | *#kəme̯ˈasd͡ʒə# | *#kəmˈasd͡ʒə# {GOLD: #kəmˈaʃə#}
401    | #lˈiːneam# | *#lˈind͡ʒa# | *#ʎˈind͡ʒə# | *#ˈind͡ʒə# {GOLD: #ˈije#}
402    | #mˈanika# | *#mˈaneka# | *#mˈənekə# | *#mˈɨnekə# {GOLD: #mˈɨnekə#}
403    | #palliˈoːla# | *#palld͡ʒˈola# | *#pəld͡ʒo̯ˈaɾə# | *#pəlʒo̯ˈarə# {GOLD: #pəjo̯ˈarə#}
404    | #sˈarikam# | *#sˈareka# | *#sˈaɾekə# | *#sˈarekə# {GOLD: #sˈarikə#}
405    | #westiːmˈentum# | *#vstimˈɛntu# | *#vstemˈentu# | *#vstimˈɨnt# {GOLD: #veʃmˈɨnt#}
406    | #kalkeamˈentum# | *#kald͡ʒamˈɛntu# | *#kəld͡ʒəmˈentu# | *#kəld͡ʒəmˈɨnt# {GOLD: #kəlt͡səmˈɨnt#}
407    | #aːnˈellum# | *#anˈɛllu# | *#əɲˈelu# | *#əjˈel# {GOLD: #inˈel#}
408    | #brakʰiˈaːla# | *#brasd͡ʒˈala# | *#bɾəsd͡ʒˈaɾə# | *#brɨsd͡ʒˈarə# {GOLD: #brət͡sˈarə#}
409    | #kirkˈellum# | *#t͡ʃert͡ʃˈɛllu# | *#t͡ʃeɾt͡ʃˈelu# | *#t͡ʃert͡ʃˈel# {GOLD: #t͡ʃert͡ʃˈel#}
410    | #korˈoːnam# | *#korˈona# | *#kuɾˈunə# | *#kurˈunə# {GOLD: #kunˈunə#}
411    | #marɡˈellam# | *#mard͡ʒˈɛlla# | *#məɾd͡ʒe̯ˈawə# | *#mərd͡ʒe̯ˈawə# {GOLD: #mərd͡ʒe̯ˈa#}
412    | #bˈalteum# | *#bˈald͡ʒu# | *#bˈald͡ʒu# | *#bˈalʒ# {GOLD: #bˈalt͡s#}
413    | #braːkˈiːle# | *#brat͡ʃˈile# | *#bɾət͡ʃˈiɾe# | *#brət͡ʃˈire# {GOLD: #brət͡ʃˈire#}
414    | #kˈinɡula# | *#t͡ʃˈenɡula# | *#t͡ʃˈenɡuɾə# | *#t͡ʃˈinɡurə# {GOLD: #kˈinɡə#}
415    | #fˈaskiam# | *#fˈasd͡ʒa# | *#fˈasd͡ʒə# | *#fˈasd͡ʒə# {GOLD: #fˈaʃə#}
416    | #faskˈiolam# | *#fast͡ʃˈola# | *#fəʃt͡ʃo̯ˈaɾə# | *#fəʃʃo̯ˈarə# {GOLD: #fɨʃio̯ˈarə#}
417    | #fˈiːlum# | *#fˈilu# | *#fjˈiɾu# | *#fˈir# {GOLD: #fˈir#}
418    | #ɡlˈemum# | *#ɡlˈɛmu# | *#ɡʎˈemu# | *#ɡˈim# {GOLD: #ɡˈem#}
419    | #liɡaːtˈuːra# | *#leɡatˈura# | *#leɡətˈuɾə# | *#leɡətˈurə# {GOLD: #leɡətˈurə#}
420    | #wˈittam# | *#ˈeta# | *#e̯ˈatə# | *#e̯ˈatə# {GOLD: #bˈatə#}
421    | #kalkeˈaː# | *#kald͡ʒˈa# | *#kəld͡ʒˈa# | *#kəld͡ʒˈa# {GOLD: #kəlt͡sˈa#}
422    | #inkˈinɡe# | *#ent͡ʃˈend͡ʒe# | *#ent͡ʃˈend͡ʒe# | *#int͡ʃˈind͡ʒe# {GOLD: #ɨnt͡ʃˈind͡ʒe#}
423    | #koːnsˈue# | *#koswˈe# | *#kuswˈe# | *#kuswˈe# {GOLD: #ko̯ˈase#}
424    | #diskˈulkius# | *#dskˈuld͡ʒu# | *#dskˈuld͡ʒu# | *#dskˈulʒ# {GOLD: #deskˈult͡s#}
425    | #diskalkeˈaː# | *#dskald͡ʒˈa# | *#dskəld͡ʒˈa# | *#dskəld͡ʒˈa# {GOLD: #deskəlt͡sˈa#}
426    | #diskulkiˈaː# | *#dskuld͡ʒˈa# | *#dskuld͡ʒˈa# | *#dskuld͡ʒˈa# {GOLD: #deskult͡sˈa#}
427    | #imbrakˈaː# | *#embrakˈa# | *#embɾəkˈa# | *#imbrəkˈa# {GOLD: #ɨmbrəkˈa#}
428    | #insolˈaː# | *#isolˈa# | *#jisuɾˈa# | *#isurˈa# {GOLD: #ɨnsurˈa#}
429    | #infaskiolˈaː# | *#ifasd͡ʒolˈa# | *#jifəsd͡ʒuɾˈa# | *#ifɨsʒurˈa# {GOLD: #ɨnfəʃurˈa#}
430    | #inwestˈiː# | *#enbstˈi# | *#enbst͡sˈi# | *#inbst͡sj̊# {GOLD: #ɨnveʃtˈi#}
431    | #submittˈeː# | *#suwmetˈe# | *#suwmetˈe# | *#suwmetˈe# {GOLD: #sumetˈe#}
432    | #suffolikˈaː# | *#sufolekˈa# | *#sufuɾekˈa# | *#sufurekˈa# {GOLD: #suflekˈa#}
433    | #kˈenam# | *#t͡ʃˈɛna# | *#t͡ʃˈenə# | *#t͡ʃˈinə# {GOLD: #t͡ʃˈinə#}
434    | #prˈandium# | *#prˈand͡ʒu# | *#pɾˈand͡ʒu# | *#prˈanʒ# {GOLD: #prˈɨnz#}
435    | #bukkˈaːtam# | *#bukˈata# | *#bukˈatə# | *#bukˈatə# {GOLD: #bukˈatə#}
436    | #kʰˈyːlum# | *#t͡ʃˈilu# | *#t͡ʃˈiɾu# | *#t͡ʃˈir# {GOLD: #t͡ʃˈir#}
437    | #friktˈuːram# | *#frstˈura# | *#fɾstˈuɾə# | *#frstˈurə# {GOLD: #friptˈurə#}
438    | #lˈardum# | *#lˈardu# | *#lˈaɾdu# | *#lˈard# {GOLD: #lˈard#}
439    | #mˈuriam# | *#mˈurd͡ʒa# | *#mˈuɾd͡ʒə# | *#mˈurd͡ʒə# {GOLD: #mo̯ˈare#}
440    | #merˈenda# | *#merˈɛnda# | *#meɾˈendə# | *#merˈində# {GOLD: #merˈinde#}
441    | #pˈaːnem# | *#pˈane# | *#pˈəne# | *#pˈɨne# {GOLD: #pˈɨjne#}
442    | #piːsˈaːtum# | *#pisˈatu# | *#pesˈatu# | *#pəsˈat# {GOLD: #pəsˈat#}
443    | #plakˈenta# | *#plat͡ʃˈɛnta# | *#plət͡ʃˈentə# | *#plət͡ʃˈintə# {GOLD: #plət͡ʃˈintə#}
444    | #sˈaːlem# | *#sˈale# | *#sˈaɾe# | *#sˈare# {GOLD: #sˈare#}
445    | #sˈeːbum# | *#sˈeɡu# | *#sˈeɡu# | *#sˈeɡ# {GOLD: #sˈew#}
446    | #tˈortam# | *#tˈorta# | *#to̯ˈaɾtə# | *#to̯ˈartə# {GOLD: #tˈurtə#}
447    | #wˈiːktum# | *#ˈiptu# | *#jˈiptu# | *#ˈipt# {GOLD: #vˈipt#}
448    | #d͡zˈema# | *#d͡zˈɛma# | *#d͡zˈemə# | *#zˈimə# {GOLD: #ze̯ˈamə#}
449    | #mˈustum# | *#mˈustu# | *#mˈustu# | *#mˈust# {GOLD: #mˈust#}
450    | #pˈoska# | *#pˈoska# | *#po̯ˈaskə# | *#po̯ˈaskə# {GOLD: #pˈuskə#}
451    | #wiːnˈaːkeus# | *#inˈad͡zu# | *#jinˈad͡zu# | *#inˈaz# {GOLD: #vinˈat͡s#}
452    | #koopertˈoːrium# | *#kopertˈord͡ʒu# | *#kupeɾtˈoɾd͡ʒu# | *#kupərtˈorʒ# {GOLD: #kərpətˈor#}
453    | #ɡratˈaːrium# | *#ɡratˈard͡ʒu# | *#ɡɾətˈaɾd͡ʒu# | *#ɡrətˈarʒ# {GOLD: #ɡrətˈar#}
454    | #lˈinɡulam# | *#lˈenɡula# | *#lˈenɡuɾə# | *#lˈinɡurə# {GOLD: #lˈinɡurə#}
455    | #wˈaːsum# | *#ˈasu# | *#ˈasu# | *#ˈas# {GOLD: #vˈas#}
456    | #battˈituram# | *#batˈetura# | *#bəte̯ˈatuɾə# | *#bəte̯ˈaturə# {GOLD: #bətˈəturə#}
457    | #kaprˈeolum# | *#kaprjˈolu# | *#kəp?0ˈoɾu# | *#kəp?1ˈor# {GOLD: #kəpriˈor#}
458    | #kˈasam# | *#kˈasa# | *#kˈasə# | *#kˈasə# {GOLD: #kˈasə#}
459    | #kellˈaːrium# | *#t͡ʃellˈard͡ʒu# | *#t͡ʃelˈaɾd͡ʒu# | *#t͡ʃelˈarʒ# {GOLD: #t͡ʃelˈar#}
460    | #kˈoːrtem# | *#kˈorte# | *#ko̯ˈaɾte# | *#ko̯ˈarte# {GOLD: #kˈurte#}
461    | #kooperiːmˈentum# | *#koperimˈɛntu# | *#kupeɾemˈentu# | *#kuperimˈɨnt# {GOLD: #koperəmˈɨnt#}
462    | #krˈaːtis# | *#krˈati# | *#kɾˈat͡si# | *#krˈat͡sj̊# {GOLD: #ɡrˈatje#}
463    | #kˈulmen# | *#kˈulme# | *#kˈulme# | *#kˈulme# {GOLD: #kˈulme#}
464    | #fenˈestram# | *#fenˈɛstra# | *#feɲe̯ˈastɾə# | *#fəjˈastrə# {GOLD: #fere̯ˈastrə#}
465    | #fontˈaːna# | *#fontˈana# | *#funtˈənə# | *#funtˈɨnə# {GOLD: #fɨntˈɨnə#}
466    | #ostˈeolum# | *#ost͡ʃˈolu# | *#uʃt͡ʃˈoɾu# | *#uʃʃˈor# {GOLD: #uʃˈor#}
467    | #ˈoːstium# | *#ˈosd͡ʒu# | *#ˈosd͡ʒu# | *#ˈosʒ# {GOLD: #ˈuʃə#}
468    | #pˈortam# | *#pˈorta# | *#po̯ˈaɾtə# | *#po̯ˈartə# {GOLD: #po̯ˈartə#}
469    | #pˈuteum# | *#pˈud͡zu# | *#pˈud͡zu# | *#pˈuz# {GOLD: #pˈut͡s#}
470    | #skˈaːlam# | *#skˈala# | *#skˈaɾə# | *#skˈarə# {GOLD: #skˈarə#}
471    | #stˈylum# | *#stˈelu# | *#stˈeɾu# | *#stˈer# {GOLD: #stˈur#}
472    | #tˈenda# | *#tˈɛnda# | *#tˈendə# | *#tˈində# {GOLD: #tˈində#}
473    | #titˈinam# | *#tetˈena# | *#tetˈenə# | *#tetˈinə# {GOLD: #t͡sɨt͡sˈɨnə#}
474    | #traːjˈektam# | *#trad͡ʒˈɛpta# | *#tɾəd͡ʒe̯ˈaptə# | *#trəd͡ʒe̯ˈaptə# {GOLD: #tre̯ˈaptə#}
475    | #armˈaːrium# | *#armˈard͡ʒu# | *#aɾmˈaɾd͡ʒu# | *#armˈarʒ# {GOLD: #armˈar#}
476    | #kapitˈaːneum# | *#kapetˈand͡ʒu# | *#kəpetˈand͡ʒu# | *#kəpətˈanʒ# {GOLD: #kəpətˈɨj#}
477    | #pˈattum# | *#pˈatu# | *#pˈatu# | *#pˈat# {GOLD: #pˈat#}
478    | #skˈortea# | *#skˈord͡ʒa# | *#sko̯ˈaɾd͡ʒə# | *#sko̯ˈard͡ʒə# {GOLD: #sko̯ˈart͡sə#}
479    | #strˈaːtum# | *#strˈatu# | *#stɾˈatu# | *#strˈat# {GOLD: #strˈat#}
480    | #ˈamita# | *#ˈameta# | *#ˈəmetə# | *#ˈəmətə# {GOLD: #mˈət#}
481    | #fˈiːlium# | *#fˈild͡ʒu# | *#fjˈild͡ʒu# | *#fˈilʒ# {GOLD: #fˈiw#}
482    | #fˈiːliam# | *#fˈild͡ʒa# | *#fjˈild͡ʒə# | *#fˈild͡ʒə# {GOLD: #fˈije#}
483    | #frˈaːter# | *#frˈatre# | *#fɾˈatɾe# | *#frˈatre# {GOLD: #frˈate#}
484    | #ɡˈeminus# | *#d͡ʒˈɛmnu# | *#d͡ʒˈemnu# | *#d͡ʒˈimn# {GOLD: #d͡ʒe̯ˈamən#}
485    | #mˈamma# | *#mˈama# | *#mˈəmə# | *#mˈəmə# {GOLD: #mˈumə#}
486    | #nepˈoːtem# | *#nepˈote# | *#nepo̯ˈate# | *#nepo̯ˈate# {GOLD: #nepˈot#}
487    | #nepˈoːta# | *#nepˈota# | *#nepo̯ˈatə# | *#nepo̯ˈatə# {GOLD: #nepo̯ˈatə#}
488    | #pˈappus# | *#pˈapu# | *#pˈapu# | *#pˈap# {GOLD: #pˈap#}
489    | #sˈoror# | *#sˈorro# | *#sˈorru# | *#sˈor# {GOLD: #sˈor#}
490    | #tˈatam# | *#tˈata# | *#tˈatə# | *#tˈatə# {GOLD: #tˈatə#}
491    | #wˈeːrum# | *#ˈeru# | *#ˈeɾu# | *#ˈer# {GOLD: #vˈər#}
492    | #bˌarbˈaːtum# | *#barbˈatu# | *#bəɾbˈatu# | *#bərbˈat# {GOLD: #bərbˈat#}
493    | #kˌoːnsˈokrum# | *#kosˈopru# | *#kusˈopɾu# | *#kusˈoprw̍# {GOLD: #kˈuskru#}
494    | #fiːliˈastrum# | *#fild͡ʒˈastru# | *#feld͡ʒˈastɾu# | *#fəld͡ʒˈastrw̍# {GOLD: #fjˈastru#}
495    | #ɡˈenerum# | *#d͡ʒˈɛneru# | *#d͡ʒˈeneɾu# | *#d͡ʒˈiner# {GOLD: #d͡ʒˈinere#}
496    | #hˈomoː# | *#ˈomo# | *#ˈumu# | *#ˈum# {GOLD: #ˈom#}
497    | #marˈiːtus# | *#marˈitu# | *#mə?0ˈitu# | *#mə?1ˈit# {GOLD: #mərˈit#}
498    | #nˈurum# | *#nˈuru# | *#nˈuɾu# | *#nˈur# {GOLD: #nˈor#}
499    | #sˈokrum# | *#sˈopru# | *#sˈopɾu# | *#sˈoprw̍# {GOLD: #sˈokru#}
500    | #sˈokia# | *#sˈod͡za# | *#so̯ˈad͡zə# | *#so̯ˈazə# {GOLD: #so̯ˈat͡sə#}
501    | #sˈokius# | *#sˈod͡zu# | *#sˈod͡zu# | *#sˈoz# {GOLD: #sˈot͡s#}
502    | #spˈurius# | *#spˈurd͡ʒu# | *#spˈuɾd͡ʒu# | *#spˈurʒ# {GOLD: #spˈur#}
503    | #fˌiːliˈaːnum# | *#fild͡ʒˈanu# | *#feld͡ʒˈənu# | *#fəld͡ʒˈɨn# {GOLD: #fˈin#}
504    | #nˈonnum# | *#nˈonnu# | *#nˈonnu# | *#nˈon# {GOLD: #nˈun#}
505    | #ˈorpʰanum# | *#ˈorpanu# | *#o̯ˈaɾpənu# | *#o̯ˈarpɨn# {GOLD: #o̯ˈarfən#}
506    | #wˈiduum# | *#ˈedu# | *#ˈedu# | *#ˈed# {GOLD: #vˈəduv#}
507    | #kˌoroːnˈaː# | *#koronˈa# | *#kuɾunˈa# | *#kurunˈa# {GOLD: #kununˈa#}
508    | #krˌeːdˈentiam# | *#kredˈɛnd͡ʒa# | *#kɾedˈend͡ʒə# | *#kredˈind͡ʒə# {GOLD: #kredˈint͡sə#}
509    | #dˈekstrae̯# | *#dˈɛstrae̯# | *#d͡ze̯ˈastɾəe̯# | *#ze̯ˈastrəe̯# {GOLD: #zˈestre#}
510    | #hˌospˈitium# | *#ospˈed͡zu# | *#uspˈed͡zu# | *#uspˈəz# {GOLD: #ospˈət͡s#}
511    | #ˌinˌuksorˈaː# | *#enusorˈa# | *#enusuɾˈa# | *#inusurˈa# {GOLD: #ɨnsurˈa#}
512    | #lˌaksˈaː# | *#lasˈa# | *#ləsˈa# | *#ləsˈa# {GOLD: #ləsˈa#}
513    | #mˌaritˈaː# | *#maretˈa# | *#məɾetˈa# | *#məretˈa# {GOLD: #məritˈa#}
514    | #nˈuːptiae̯# | *#nˈupd͡ʒae̯# | *#nˈupd͡ʒəe̯# | *#nˈupd͡ʒəe̯# {GOLD: #nˈunt͡si#}
515    | #petˈiː# | *#petˈi# | *#pet͡sˈi# | *#pet͡sj̊# {GOLD: #pet͡sˈi#}
516    | #lˈuːmen# | *#lˈume# | *#lˈume# | *#lˈume# {GOLD: #lˈume#}
517    | #kˈae̯lum# | *#kˈae̯lu# | *#kˈae̯ɾu# | *#kˈae̯r# {GOLD: #t͡ʃˈer#}
518    | #kˈirkinum# | *#t͡ʃˈert͡ʃenu# | *#t͡ʃe̯ˈaɾt͡ʃenu# | *#t͡ʃˈert͡ʃin# {GOLD: #t͡ʃe̯ˈarkən#}
519    | #ekskapitˈaː# | *#skapetˈa# | *#skəpetˈa# | *#skəpətˈa# {GOLD: #skəpətˈa#}
520    | #luːkˈiferum# | *#lut͡ʃˈeferu# | *#lut͡ʃe̯ˈafeɾu# | *#lut͡ʃe̯ˈafər# {GOLD: #lut͡ʃe̯ˈafər#}
521    | #lˈuːnam# | *#lˈuna# | *#lˈunə# | *#lˈunə# {GOLD: #lˈunə#}
522    | #rˌesalˈiː# | *#resalˈi# | *#rresə?0ˈi# | *#rəsə?1j̊# {GOLD: #rəsərˈi#}
523    | #sˈoːlem# | *#sˈole# | *#so̯ˈaɾe# | *#so̯ˈare# {GOLD: #so̯ˈare#}
524    | #ˈaːerem# | *#ˈajre# | *#ˈajɾe# | *#ˈajre# {GOLD: #ˈajer#}
525    | #ˈawram# | *#ˈawra# | *#ˈawɾə# | *#ˈawrə# {GOLD: #ˈawrə#}
526    | #ˈawstrum# | *#ˈastru# | *#ˈastɾu# | *#ˈastrw̍# {GOLD: #ˈawstru#}
527    | #brˈuːmam# | *#brˈuma# | *#bɾˈumə# | *#brˈumə# {GOLD: #brˈumə#}
528    | #frˈiːɡus# | *#frˈiɡu# | *#f?0ˈiɡu# | *#f?1ˈiɡ# {GOLD: #frˈiɡ#}
529    | #ɡˈeluː# | *#d͡ʒˈɛlu# | *#d͡ʒˈeɾu# | *#d͡ʒˈer# {GOLD: #d͡ʒˈer#}
530    | #ɡrˈandinem# | *#ɡrˈandene# | *#ɡɾˈandene# | *#ɡrˈandine# {GOLD: #ɡrˈindinə#}
531    | #nˈuːbilum# | *#nˈuelu# | *#nˈueɾu# | *#nˈuer# {GOLD: #nˈor#}
532    | #nˈinɡwe# | *#nˈend͡ʒe# | *#nˈend͡ʒe# | *#nˈind͡ʒe# {GOLD: #nˈind͡ʒe#}
533    | #nˈiwem# | *#nˈee# | *#ne̯ˈae# | *#nˈee# {GOLD: #ne̯ˈa#}
534    | #plˈowe# | *#plˈoe# | *#plo̯ˈae# | *#plo̯ˈae# {GOLD: #plowˈa#}
535    | #plowˈaː# | *#ploˈa# | *#pluˈa# | *#pluˈa# {GOLD: #plowˈa#}
536    | #plˈojam# | *#pleˈa# | *#ple̯ˈa# | *#ple̯ˈa# {GOLD: #plo̯ˈaje#}
537    | #rˈoːwem# | *#rˈoe# | *#rro̯ˈae# | *#ro̯ˈae# {GOLD: #rˈowə#}
538    | #sˈereːnum# | *#sˈɛrenu# | *#ʃe̯ˈaɾenu# | *#ʃˈarin# {GOLD: #sˈenin#}
539    | #sˈikkitaːs# | *#sˈet͡ʃeta# | *#se̯ˈat͡ʃetə# | *#sˈet͡ʃetə# {GOLD: #sˈet͡ʃetə#}
540    | #tonˈaː# | *#tonˈa# | *#tunˈa# | *#tunˈa# {GOLD: #tunˈa#}
541    | #wˈentum# | *#ˈɛntu# | *#ˈentu# | *#ˈint# {GOLD: #vˈɨnt#}
542    | #dˈata# | *#dˈata# | *#dˈatə# | *#dˈatə# {GOLD: #dˈatə#}
543    | #hˈoːram# | *#ˈora# | *#o̯ˈaɾə# | *#o̯ˈarə# {GOLD: #o̯ˈarə#}
544    | #ˈalbam# | *#ˈalba# | *#ˈalbə# | *#ˈalbə# {GOLD: #ˈalba#}
545    | #dˈiem# | *#d͡ʒˈe# | *#d͡ʒˈe# | *#d͡ʒˈe# {GOLD: #zˈi#}
546    | #hˈodieː# | *#ˈod͡ze# | *#o̯ˈad͡ze# | *#o̯ˈaze# {GOLD: #ˈazj#}
547    | #hˈeriː# | *#ˈɛri# | *#jˈe?0i# | *#jˈe?1j̊# {GOLD: #jˈerj#}
548    | #mˈaːne# | *#mˈane# | *#mˈəne# | *#mˈɨne# {GOLD: #mˈɨjne#}
549    | #merˈiːdieːm# | *#merˈid͡ze# | *#me?0ˈid͡ze# | *#me?1ˈize# {GOLD: #mˈerizə#}
550    | #nˈoktem# | *#nˈopte# | *#no̯ˈapte# | *#no̯ˈapte# {GOLD: #no̯ˈapte#}
551    | #sˈeram# | *#sˈɛra# | *#ʃe̯ˈaɾə# | *#ʃˈarə# {GOLD: #se̯ˈarə#}
552    | #domˈinikam# | *#domneka# | *#dumnekə# | *#dumnekə# {GOLD: #dumˈinikə#}
553    | #mˈartis# | *#mˈarti# | *#mˈaɾt͡si# | *#mˈart͡sj̊# {GOLD: #mˈart͡sj#}
554    | #sˈambatum# | *#sˈambatu# | *#sˈambətu# | *#sˈambət# {GOLD: #sˈɨmbətə#}
555    | #septimˈaːnam# | *#septemˈana# | *#septemˈənə# | *#septimˈɨnə# {GOLD: #səptəmˈɨnə#}
556    | #wˈeneris# | *#ˈɛneri# | *#jˈene?0i# | *#ˈine?1j̊# {GOLD: #vˈinerj#}
557    | #ˌɑprˈiːlem# | *#ɑprˈile# | *#ɑp?0ˈiɾe# | *#ɑp?1ˈire# {GOLD: #prjˈer#}
558    | #ˌawɡˈustum# | *#aɡˈustu# | *#aɡˈustu# | *#aɡˈust# {GOLD: #aɡˈust#}
559    | #kˌɑlendˈɑːrium# | *#kɑlendˈɑrd͡ʒu# | *#kəɾendˈɑɾd͡ʒu# | *#kərindˈɑrʒ# {GOLD: #kərindˈar#}
560    | #mˈaium# | *#mɛˈu# | *#mjeˈu# | *#mje# {GOLD: #mˈaj#}
561    | #mˈartium# | *#mˈard͡ʒu# | *#mˈaɾd͡ʒu# | *#mˈarʒ# {GOLD: #mˈart͡s#}
562    | #mˈeːnsem# | *#mˈese# | *#me̯ˈase# | *#mˈase# {GOLD: #mˈes#}
563    | #ˌawtˈumnam# | *#atˈumna# | *#atˈumnə# | *#atˈumnə# {GOLD: #to̯ˈamnə#}
564    | #hˌibˈernam# | *#eˈɛrna# | *#ejˈeɾnə# | *#ejˈernə# {GOLD: #jˈarnə#}
565    | #wˈeːram# | *#ˈera# | *#e̯ˈaɾə# | *#e̯ˈarə# {GOLD: #vˈarə#}
566    | #pawiːmˈentum# | *#paimˈɛntu# | *#pəjimˈentu# | *#pəimˈɨnt# {GOLD: #pəmˈɨnt#}
567    | #ˌɑrˈeːnɑm# | *#ɑrˈenɑ# | *#ɑɾˈenə# | *#ɑrˈinə# {GOLD: #arˈinə#}
568    | #lˈutum# | *#lˈutu# | *#lˈutu# | *#lˈut# {GOLD: #lˈut#}
569    | #pˈetram# | *#pˈɛtra# | *#pje̯ˈatɾə# | *#pjˈatrə# {GOLD: #pjˈatrə#}
570    | #pˈulwerem# | *#pˈulere# | *#pˈuɾeɾe# | *#pˈurere# {GOLD: #pˈulbere#}
571    | #sˈessum# | *#sˈɛsu# | *#ʃˈesu# | *#ʃˈes# {GOLD: #ʃˈes#}
572    | #kˌarbˈoːnem# | *#karbˈone# | *#kəɾbˈune# | *#kərbˈune# {GOLD: #kərbˈune#}
573    | #mˈarmor# | *#mˈarmro# | *#mˈaɾmɾu# | *#mˈarmrw̍# {GOLD: #mˈarmurə#}
574    | #ˈawrum# | *#ˈawru# | *#ˈawɾu# | *#ˈawr# {GOLD: #ˈawr#}
575    | #plˈumbum# | *#plˈumbu# | *#plˈumbu# | *#plˈumb# {GOLD: #plˈumb#}
576    | #krˈistam# | *#krˈesta# | *#kɾe̯ˈastə# | *#kre̯ˈastə# {GOLD: #kre̯ˈastə#}
577    | #ɡrˈumum# | *#ɡrˈumu# | *#ɡɾˈumu# | *#ɡrˈum# {GOLD: #ɡrˈum#}
578    | #montikˈellum# | *#montet͡ʃˈɛllu# | *#muntet͡ʃˈelu# | *#muntet͡ʃˈel# {GOLD: #munt͡ʃˈel#}
579    | #rˈiːpam# | *#rˈipa# | *#rrjˈipə# | *#rˈipə# {GOLD: #rˈɨpə#}
580    | #skˈaːlam# | *#skˈala# | *#skˈaɾə# | *#skˈarə# {GOLD: #skˈarə#}
581    | #wˈallem# | *#ˈalle# | *#ˈale# | *#ˈale# {GOLD: #vˈale#}
582    | #ˈalweum# | *#ˈalbd͡ʒu# | *#ˈalbd͡ʒu# | *#ˈalbʒ# {GOLD: #ˈalbie#}
583    | #kˈurre# | *#kˈurre# | *#kˈurre# | *#kˈurə# {GOLD: #kˈure#}
584    | #ˌekssˌukkˈaː# | *#sukˈa# | *#sukˈa# | *#sukˈa# {GOLD: #uskˈa#}
585    | #fˈundum# | *#fˈundu# | *#fˈundu# | *#fˈund# {GOLD: #fˈund#}
586    | #lˈakum# | *#lˈaku# | *#lˈaku# | *#lˈak# {GOLD: #lˈak#}
587    | #mˈare# | *#mˈare# | *#mˈaɾe# | *#mˈare# {GOLD: #mˈare#}
588    | #mˈarɡinem# | *#mˈard͡ʒene# | *#mˈaɾd͡ʒene# | *#mˈard͡ʒine# {GOLD: #mˈard͡ʒine#}
589    | #rˌewˌersˈaː# | *#resˈa# | *#rresˈa# | *#rəsˈa# {GOLD: #revərsˈa#}
590    | #sikkˈaː# | *#sekˈa# | *#sekˈa# | *#sekˈa# {GOLD: #sˈeka#}
591    | #sˈikkum# | *#sˈeku# | *#sˈeku# | *#sˈek# {GOLD: #sˈek#}
592    | #ˈundam# | *#ˈunda# | *#ˈundə# | *#ˈundə# {GOLD: #ˈundə#}
593    | #wˈadum# | *#ˈadu# | *#ˈadu# | *#ˈad# {GOLD: #vˈad#}
594    | #kˈippum# | *#t͡ʃˈepu# | *#t͡ʃˈepu# | *#t͡ʃˈep# {GOLD: #t͡ʃˈep#}
595    | #flˈoːrem# | *#flˈore# | *#flo̯ˈaɾe# | *#flo̯ˈare# {GOLD: #flo̯ˈare#}
596    | #fˈolia# | *#fˈold͡ʒa# | *#fo̯ˈald͡ʒə# | *#fo̯ˈald͡ʒə# {GOLD: #fo̯ˈaje#}
597    | #fˈolium# | *#fˈold͡ʒu# | *#fˈold͡ʒu# | *#fˈolʒ# {GOLD: #fˈoj#}
598    | #frˈondia# | *#frˈond͡ʒa# | *#fɾˈond͡ʒə# | *#frˈond͡ʒə# {GOLD: #frˈunzə#}
599    | #nowˈellam# | *#noˈɛlla# | *#nuje̯ˈawə# | *#nujˈawə# {GOLD: #nujˈa#}
600    | #pˈaleam# | *#pˈald͡ʒa# | *#pˈald͡ʒə# | *#pˈald͡ʒə# {GOLD: #pˈaje#}
601    | #pˈoːmam# | *#pˈoma# | *#pˈumə# | *#pˈumə# {GOLD: #po̯ˈamə#}
602    | #raːdiːkˈiːnam# | *#radit͡ʃˈina# | *#rrədet͡ʃˈinə# | *#rədet͡ʃˈinə# {GOLD: #rədət͡ʃˈinə#}
603    | #rˈaːmum# | *#rˈamu# | *#rrˈəmu# | *#rˈəm# {GOLD: #rˈam#}
604    | #reːsˈiːna# | *#resˈina# | *#rreʃˈinə# | *#rəʃˈinə# {GOLD: #rəʃˈinə#}
605    | #semˈentia# | *#semˈɛnd͡ʒa# | *#semˈend͡ʒə# | *#simˈɨnd͡ʒə# {GOLD: #səmˈɨnt͡sə#}
606    | #spˈiːnum# | *#spˈinu# | *#spjˈinu# | *#spˈin# {GOLD: #spˈin#}
607    | #wˈirɡam# | *#ˈerɡa# | *#e̯ˈaɾɡə# | *#e̯ˈarɡə# {GOLD: #vˈarɡə#}
608    | #ˈarborem# | *#ˈarbore# | *#ˈaɾbuɾe# | *#ˈarbure# {GOLD: #ˈarbore#}
609    | #kˈarpinum# | *#kˈarpenu# | *#kˈaɾpenu# | *#kˈarpɨn# {GOLD: #kˈarpen#}
610    | #fˈaɡum# | *#fˈaɡu# | *#fˈaɡu# | *#fˈaɡ# {GOLD: #fˈaɡ#}
611    | #frˈaksinum# | *#frˈapsenu# | *#fɾˈapsenu# | *#frˈapsin# {GOLD: #frˈasin#}
612    | #juːnˈiperum# | *#d͡ʒunˈeperu# | *#d͡ʒune̯ˈapeɾu# | *#ʒune̯ˈapər# {GOLD: #ʒne̯ˈapən#}
613    | #mastˈikʰinum# | *#mastˈet͡ʃenu# | *#məste̯ˈat͡ʃenu# | *#mɨstˈet͡ʃin# {GOLD: #meste̯ˈakən#}
614    | #padˈuːlem# | *#padˈule# | *#pədˈuɾe# | *#pədˈure# {GOLD: #pədˈure#}
615    | #pˈiːnum# | *#pˈinu# | *#pjˈinu# | *#pˈin# {GOLD: #pˈin#}
616    | #plˈatanum# | *#plˈatanu# | *#plˈatənu# | *#plˈatɨn# {GOLD: #pˈaltin#}
617    | #tˈilium# | *#tˈeld͡ʒu# | *#tˈeld͡ʒu# | *#tˈelʒ# {GOLD: #tˈej#}
618    | #ˈulmum# | *#ˈulmu# | *#ˈulmu# | *#ˈulm# {GOLD: #ˈulm#}
619    | #kˈerasum# | *#t͡ʃˈɛrasu# | *#t͡ʃe̯ˈaɾəsu# | *#t͡ʃe̯ˈarəs# {GOLD: #t͡ʃirˈeʃ#}
620    | #kydˈoːniam# | *#t͡ʃedˈond͡ʒa# | *#t͡ʃedˈond͡ʒə# | *#t͡ʃedˈond͡ʒə# {GOLD: #ɡutˈəje#}
621    | #kotˈoːneum# | *#kotˈond͡ʒu# | *#kutˈond͡ʒu# | *#kutˈonʒ# {GOLD: #ɡutˈuj#}
622    | #mˈeːlum# | *#mˈelu# | *#mˈeɾu# | *#mˈər# {GOLD: #mˈər#}
623    | #nˈukem# | *#nˈut͡ʃe# | *#nˈut͡ʃe# | *#nˈut͡ʃe# {GOLD: #nˈuk#}
624    | #pˈersikum# | *#pˈɛseku# | *#pje̯ˈaseku# | *#pjˈesek# {GOLD: #pjˈersek#}
625    | #pˈirum# | *#pˈeru# | *#pˈeɾu# | *#pˈər# {GOLD: #pˈər#}
626    | #pˈoːmum# | *#pˈomu# | *#pˈumu# | *#pˈum# {GOLD: #pˈom#}
627    | #pˈoːma# | *#pˈoma# | *#pˈumə# | *#pˈumə# {GOLD: #po̯ˈamə#}
628    | #prˈuːnum# | *#prˈunu# | *#pɾˈunu# | *#prˈun# {GOLD: #prˈun#}
629    | #kˈornuː# | *#kˈornu# | *#kˈoɾnu# | *#kˈorn# {GOLD: #kˈorn#}
630    | #mˈoːrus# | *#mˈoru# | *#mˈoɾu# | *#mˈor# {GOLD: #mˈur#}
631    | #palˈumbam# | *#palˈumba# | *#pəɾˈumbə# | *#pərˈumbə# {GOLD: #porˈumbə#}
632    | #abˈuːwa# | *#aˈua# | *#aˈua# | *#aˈua# {GOLD: #aˈuə#}
633    | #wˈiːtea# | *#ˈid͡za# | *#jˈid͡zə# | *#ˈizə# {GOLD: #vˈit͡sə#}
634    | #hˈederam# | *#ˈɛdera# | *#je̯ˈadeɾə# | *#jˈederə# {GOLD: #jˈederə#}
635    | #laːbrˈuːskam# | *#lawrˈuska# | *#ləwɾˈuskə# | *#ləwrˈuskə# {GOLD: #ləwrˈuskə#}
636    | #sabˈuːkum# | *#saˈuku# | *#səˈuku# | *#səˈuk# {GOLD: #sˈok#}
637    | #sˈorbum# | *#sˈorbu# | *#sˈoɾbu# | *#sˈorb# {GOLD: #sˈorb#}
638    | #tˈuːfam# | *#tˈufa# | *#tˈufə# | *#tˈufə# {GOLD: #tˈufə#}
639    | #ɡrˈaːnum# | *#ɡrˈanu# | *#ɡɾˈənu# | *#ɡrˈɨn# {GOLD: #ɡrˈɨw#}
640    | #hˈordeum# | *#ˈord͡ʒu# | *#ˈoɾd͡ʒu# | *#ˈorʒ# {GOLD: #ˈorz#}
641    | #mˈilium# | *#mˈeld͡ʒu# | *#mˈeld͡ʒu# | *#mˈəlʒ# {GOLD: #mˈej#}
642    | #sekˈaːle# | *#sekˈale# | *#sekˈaɾe# | *#sekˈare# {GOLD: #sekˈarə#}
643    | #ˈaːlium# | *#ˈald͡ʒu# | *#ˈald͡ʒu# | *#ˈalʒ# {GOLD: #ˈaj#}
644    | #kawlˈikulum# | *#kawlˈekulu# | *#kəwɾˈekuɾu# | *#kəwrˈekur# {GOLD: #kurˈekj#}
645    | #kukˈurbitam# | *#kukˈurbeta# | *#kukˈuɾbetə# | *#kukˈurbətə# {GOLD: #kurkubˈetə#}
646    | #laktˈuːkam# | *#lastˈuka# | *#ləstˈukə# | *#lɨstˈukə# {GOLD: #ləptˈukə#}
647    | #leɡˈuːmen# | *#leɡˈume# | *#leɡˈume# | *#leɡˈume# {GOLD: #leɡˈumə#}
648    | #lˈentem# | *#lˈɛnte# | *#lˈente# | *#lˈinte# {GOLD: #lˈinte#}
649    | #nˈaːpum# | *#nˈapu# | *#nˈapu# | *#nˈap# {GOLD: #nˈap#}
650    | #pˈepinem# | *#pˈɛpene# | *#pje̯ˈapene# | *#pjˈepine# {GOLD: #pˈepene#}
651    | #pˈorrum# | *#pˈorru# | *#pˈorru# | *#pˈor# {GOLD: #pˈur#}
652    | #raːdˈiːkula# | *#radˈikula# | *#rrəd͡zˈikuɾə# | *#rəzˈikurə# {GOLD: #ridˈike#}
653    | #fˈeːnum# | *#fˈenu# | *#fˈenu# | *#fˈɨn# {GOLD: #fˈɨn#}
654    | #hˈerbam# | *#ˈɛrba# | *#je̯ˈaɾbə# | *#jˈarbə# {GOLD: #jˈarbə#}
655    | #trifˈolium# | *#trefˈold͡ʒu# | *#tɾefˈold͡ʒu# | *#trefˈolʒ# {GOLD: #trifˈoj#}
656    | #kˈannapum# | *#kˈannapu# | *#kˈannəpu# | *#kˈanəp# {GOLD: #kˈɨnepə#}
657    | #kˈannapam# | *#kˈannapa# | *#kˈannəpə# | *#kˈanəpə# {GOLD: #kˈɨnepə#}
658    | #lˈiːnum# | *#lˈinu# | *#ʎˈinu# | *#ˈin# {GOLD: #ˈin#}
659    | #awrˈeolum# | *#awrjˈolu# | *#aw?0ˈoɾu# | *#aw?1ˈor# {GOLD: #aliˈor#}
660    | #kˈalkem# | *#kˈalt͡ʃe# | *#kˈalt͡ʃe# | *#kˈalt͡ʃe# {GOLD: #kˈalt͡ʃe#}
661    | #fˈilikem# | *#fˈelet͡ʃe# | *#fe̯ˈaɾet͡ʃe# | *#fˈaret͡ʃe# {GOLD: #fˈeret͡ʃe#}
662    | #frˈaːɡum# | *#frˈaɡu# | *#fɾˈaɡu# | *#frˈaɡ# {GOLD: #frˈaɡə#}
663    | #frˈaːɡum# | *#frˈaɡu# | *#fɾˈaɡu# | *#frˈaɡ# {GOLD: #frˈaɡ#}
664    | #lˈawrus# | *#lˈawru# | *#lˈawɾu# | *#lˈawr# {GOLD: #lˈawr#}
665    | #mˈalwa# | *#mˈala# | *#mˈaɾə# | *#mˈarə# {GOLD: #nˈalbə#}
666    | #mˈentam# | *#mˈɛnta# | *#mˈentə# | *#mˈɨntə# {GOLD: #mˈintə#}
667    | #pˈapyrum# | *#pˈaperu# | *#pˈapeɾu# | *#pˈapər# {GOLD: #pˈapurə#}
668    | #plantˈaɡinem# | *#plantˈad͡ʒene# | *#pləntˈad͡ʒene# | *#plɨntˈad͡ʒine# {GOLD: #pətlˈad͡ʒinə#}
669    | #urtˈiːkam# | *#urtˈika# | *#uɾt͡sˈikə# | *#urt͡sˈikə# {GOLD: #urzˈikə#}
670    | #wˈiola# | *#jˈola# | *#jo̯ˈaɾə# | *#jo̯ˈarə# {GOLD: #vio̯ˈarə#}
671    | #bˌoːlˈeːtem# | *#bolˈete# | *#buɾe̯ˈate# | *#burˈete# {GOLD: #burˈete#}
672    | #ˈeːskam# | *#ˈeska# | *#e̯ˈaskə# | *#e̯ˈaskə# {GOLD: #jˈaskə#}
673    | #ˌanimˈaːlia# | *#anmˈald͡ʒa# | *#anmˈald͡ʒə# | *#anmˈald͡ʒə# {GOLD: #nəmˈaje#}
674    | #dˌomˈestikum# | *#domˈɛsteku# | *#dumje̯ˈasteku# | *#dumjˈestek# {GOLD: #dumˈestik#}
675    | #sˌilwˈaːtikum# | *#selˈateku# | *#seɾˈateku# | *#serˈatek# {GOLD: #səlbˈatik#}
676    | #wˈiːtam# | *#ˈita# | *#jˈitə# | *#ˈitə# {GOLD: #vˈitə#}
677    | #brˈankam# | *#brˈanka# | *#bɾˈankə# | *#brˈankə# {GOLD: #brˈɨnkə#}
678    | #kˈoːdam# | *#kˈoda# | *#ko̯ˈadə# | *#ko̯ˈadə# {GOLD: #ko̯ˈadə#}
679    | #kˈomam# | *#kˈoma# | *#kˈumə# | *#kˈumə# {GOLD: #ko̯ˈamə#}
680    | #dˌeːpˈoːne# | *#depˈone# | *#depˈune# | *#depˈune# {GOLD: #depˈune#}
681    | #ˌekstˌirpˈeː# | *#sterpˈe# | *#steɾpˈe# | *#sterpˈe# {GOLD: #stɨrpˈi#}
682    | #ˌekstˈirpum# | *#stˈerpu# | *#stˈeɾpu# | *#stˈerp# {GOLD: #stˈerp#}
683    | #fˌeːtˈaː# | *#fetˈa# | *#fetˈa# | *#fətˈa# {GOLD: #fətˈa#}
684    | #ˌinkˌaballikˈaː# | *#enkaallekˈa# | *#enkəalekˈa# | *#inkəalekˈa# {GOLD: #ɨnkəlekˈa#}
685    | #lˈakte# | *#lˈapte# | *#lˈapte# | *#lˈapte# {GOLD: #lˈapte#}
686    | #mˈuːlam# | *#mˈula# | *#mˈuɾə# | *#mˈurə# {GOLD: #mˈurə#}
687    | #pˈallium# | *#pˈalld͡ʒu# | *#pˈald͡ʒu# | *#pˈalʒ# {GOLD: #pˈaj#}
688    | #pˈantikem# | *#pˈantet͡ʃe# | *#pˈantet͡ʃe# | *#pˈantet͡ʃe# {GOLD: #pˈɨntet͡ʃe#}
689    | #rˌuːmiɡˈaː# | *#rumeɡˈa# | *#rrumeɡˈa# | *#ruməɡˈa# {GOLD: #rumeɡˈa#}
690    | #lˌaːtrˈaː# | *#latrˈa# | *#lətɾˈa# | *#lətrˈa# {GOLD: #lətrˈa#}
691    | #mˌorsikˈaː# | *#mosekˈa# | *#musekˈa# | *#musekˈa# {GOLD: #mursekˈa#}
692    | #mˌuːɡˈiː# | *#mud͡ʒˈi# | *#mud͡ʒˈi# | *#mud͡ʒj̊# {GOLD: #mud͡ʒˈi#}
693    | #rˈaɡe# | *#rˈad͡ʒe# | *#rrˈad͡ʒe# | *#rˈad͡ʒe# {GOLD: #rˈad͡ʒe#}
694    | #rhˌonkid͡zˈaː# | *#ront͡ʃed͡zˈa# | *#rrunt͡ʃed͡zˈa# | *#runt͡ʃezˈa# {GOLD: #rɨnkezˈa#}
695    | #rˌiːmˈaː# | *#rimˈa# | *#rremˈa# | *#rɨmˈa# {GOLD: #rɨmˈa#}
696    | #ˌarmissˈaːrium# | *#armsˈard͡ʒu# | *#aɾmsˈaɾd͡ʒu# | *#armsˈarʒ# {GOLD: #arməsˈar#}
697    | #ˌaɡnˈellum# | *#annˈɛllu# | *#anɲˈelu# | *#anjˈel# {GOLD: #mjˈel#}
698    | #ˌannˈoːtinum# | *#annˈotenu# | *#anno̯ˈatenu# | *#ano̯ˈatin# {GOLD: #no̯ˈaten#}
699    | #ˌarˈietem# | *#arete# | *#aɾete# | *#arete# {GOLD: #arˈete#}
700    | #ˈasinum# | *#ˈasenu# | *#ˈasenu# | *#ˈasin# {GOLD: #ˈasin#}
701    | #bˈowum# | *#bˈou# | *#bˈou# | *#bˈo# {GOLD: #bˈow#}
702    | #kˌabˈallum# | *#kaˈallu# | *#kəˈalu# | *#kəˈal# {GOLD: #kˈal#}
703    | #kˈanem# | *#kˈane# | *#kˈəne# | *#kˈɨne# {GOLD: #kˈɨjne#}
704    | #kˈapram# | *#kˈapra# | *#kˈapɾə# | *#kˈaprə# {GOLD: #kˈaprə#}
705    | #kˌaprˈiːnam# | *#kaprˈina# | *#kəp?0ˈinə# | *#kəp?1ˈinə# {GOLD: #kəprˈinə#}
706    | #kˌatˈellam# | *#katˈɛlla# | *#kət͡se̯ˈawə# | *#kət͡sˈawə# {GOLD: #kət͡se̯ˈa#}
707    | #kˈokkinum# | *#kˈot͡ʃenu# | *#ko̯ˈat͡ʃenu# | *#ko̯ˈat͡ʃin# {GOLD: #ko̯ˈat͡ʃin#}
708    | #kˌornˈutum# | *#kornˈutu# | *#kuɾnˈutu# | *#kurnˈut# {GOLD: #kornˈut#}
709    | #ˈekwam# | *#ˈɛpa# | *#je̯ˈapə# | *#jˈapə# {GOLD: #jˈapə#}
710    | #hˈae̯dum# | *#ˈae̯du# | *#ˈae̯du# | *#ˈae̯d# {GOLD: #jˈed#}
711    | #iˌuːnˈiːkem# | *#d͡ʒunˈit͡ʃe# | *#d͡ʒuɲˈit͡ʃe# | *#ʒuˈit͡ʃe# {GOLD: #ʒunˈit͡ʃe#}
712    | #iˌuwˈenkum# | *#d͡ʒuˈɛnku# | *#d͡ʒuˈenku# | *#ʒuˈink# {GOLD: #ʒˈunk#}
713    | #iˌuwˈenkam# | *#d͡ʒuˈɛnka# | *#d͡ʒuˈenkə# | *#ʒuˈinkə# {GOLD: #ʒˈunkə#}
714    | #mˈuskulum# | *#mˈuskulu# | *#mˈuskuɾu# | *#mˈuskur# {GOLD: #mˈuskur#}
715    | #ˌowˈiːnam# | *#oˈina# | *#ujˈinə# | *#uˈinə# {GOLD: #ˈojnə#}
716    | #ˈowem# | *#ˈoe# | *#o̯ˈae# | *#o̯ˈae# {GOLD: #o̯ˈaje#}
717    | #pˌekuˈiːnam# | *#pet͡ʃˈina# | *#pet͡ʃˈinə# | *#pet͡ʃˈinə# {GOLD: #pəkˈujnə#}
718    | #pˈorkum# | *#pˈorku# | *#pˈoɾku# | *#pˈork# {GOLD: #pˈork#}
719    | #pˌorkˈellum# | *#port͡ʃˈɛllu# | *#puɾt͡ʃˈelu# | *#purt͡ʃˈel# {GOLD: #purt͡ʃˈel#}
720    | #pˌorkˈellam# | *#port͡ʃˈɛlla# | *#puɾt͡ʃe̯ˈawə# | *#purt͡ʃe̯ˈawə# {GOLD: #purt͡ʃe̯ˈa#}
721    | #pˌorkˈiːnam# | *#port͡ʃˈina# | *#puɾt͡ʃˈinə# | *#purt͡ʃˈinə# {GOLD: #purt͡ʃˈinə#}
722    | #rˈubeum# | *#rˈud͡zu# | *#rrˈud͡zu# | *#rˈuz# {GOLD: #rˈojb#}
723    | #skrˈoːfam# | *#skrˈofa# | *#skɾo̯ˈafə# | *#skro̯ˈafə# {GOLD: #skro̯ˈafə#}
724    | #tˈawrum# | *#tˈawru# | *#tˈawɾu# | *#tˈawr# {GOLD: #tˈawr#}
725    | #tˌertiˈaːnum# | *#terd͡ʒˈanu# | *#teɾd͡ʒˈənu# | *#terd͡ʒˈɨn# {GOLD: #tert͡sˈɨn#}
726    | #tˈertium# | *#tˈɛrd͡ʒu# | *#t͡sˈeɾd͡ʒu# | *#t͡sˈerʒ# {GOLD: #tert͡sˈiw#}
727    | #tertˈiːwum# | *#tertˈiu# | *#teɾt͡sˈiu# | *#tert͡sˈi# {GOLD: #tert͡sˈiw#}
728    | #wˈakkam# | *#ˈaka# | *#ˈakə# | *#ˈakə# {GOLD: #vˈakə#}
729    | #wˈerrem# | *#ˈɛrre# | *#je̯ˈarre# | *#jˈarə# {GOLD: #vjˈer#}
730    | #bˌerbˈeːkem# | *#berbˈet͡ʃe# | *#beɾbe̯ˈat͡ʃe# | *#bərbˈat͡ʃe# {GOLD: #berbˈet͡ʃe#}
731    | #wˌitˈellam# | *#etˈɛlla# | *#et͡se̯ˈawə# | *#et͡sˈawə# {GOLD: #vit͡se̯ˈa#}
732    | #wˌitˈellum# | *#etˈɛllu# | *#et͡sˈelu# | *#et͡sˈel# {GOLD: #vit͡sˈel#}
733    | #wˌitˈuleum# | *#etˈuld͡ʒu# | *#etˈuld͡ʒu# | *#etˈulʒ# {GOLD: #vətˈuj#}
734    | #wˌitˈuleam# | *#etˈuld͡ʒa# | *#etˈuld͡ʒə# | *#etˈuld͡ʒə# {GOLD: #vətˈuje#}
735    | #bˈuːbalum# | *#bˈualu# | *#bˈuaɾu# | *#bˈuar# {GOLD: #bˈowr#}
736    | #kˈerwum# | *#t͡ʃˈɛru# | *#t͡ʃˈeɾu# | *#t͡ʃˈer# {GOLD: #t͡ʃˈerb#}
737    | #lˈeporem# | *#lˈɛpore# | *#ʎe̯ˈapuɾe# | *#jˈapure# {GOLD: #jˈepure#}
738    | #lˈupum# | *#lˈupu# | *#lˈupu# | *#lˈup# {GOLD: #lˈup#}
739    | #mˌikstˈiːkium# | *#mstˈid͡zu# | *#mst͡sˈid͡zu# | *#mst͡sˈiz# {GOLD: #mistrˈet͡s#}
740    | #sˈoːrikem# | *#sˈoret͡ʃe# | *#so̯ˈaɾet͡ʃe# | *#so̯ˈaret͡ʃe# {GOLD: #ʃo̯ˈaret͡ʃe#}
741    | #ˈursum# | *#ˈusu# | *#ˈusu# | *#ˈus# {GOLD: #ˈurs#}
742    | #wˈulpem# | *#ˈulpe# | *#ˈulpe# | *#ˈulpe# {GOLD: #vˈulpe#}
743    | #ˈalapam# | *#ˈalapa# | *#ˈaɾəpə# | *#ˈarəpə# {GOLD: #ˈaripə#}
744    | #krˌistˈaːtum# | *#krstˈatu# | *#kɾstˈatu# | *#krstˈat# {GOLD: #krestˈat#}
745    | #kˈubium# | *#kˈud͡zu# | *#kˈud͡zu# | *#kˈuz# {GOLD: #kˈujb#}
746    | #ˌekswolˈaː# | *#solˈa# | *#suɾˈa# | *#surˈa# {GOLD: #zburˈa#}
747    | #pˈasserem# | *#pˈasere# | *#pˈaseɾe# | *#pˈasere# {GOLD: #pˈasəre#}
748    | #pˈinnam# | *#pˈenna# | *#pˈennə# | *#pˈɨnə# {GOLD: #pˈanə#}
749    | #pˈinnulam# | *#pˈennula# | *#pˈennuɾə# | *#pˈɨnurə# {GOLD: #pˈənurə#}
750    | #pˈullam# | *#pˈulla# | *#pˈuvə# | *#pˈuvə# {GOLD: #pˈulə#}
751    | #pˈulleum# | *#pˈulld͡ʒu# | *#pˈuld͡ʒu# | *#pˈulʒ# {GOLD: #pˈuj#}
752    | #kˌaːpˈoːnem# | *#kapˈone# | *#kəpˈune# | *#kəpˈune# {GOLD: #kəpˈun#}
753    | #ɡˌallˈiːnam# | *#ɡallˈina# | *#ɡəʎˈinə# | *#ɡəˈinə# {GOLD: #ɡəˈinə#}
754    | #ˈakwilam# | *#ˈat͡ʃela# | *#ˈat͡ʃeɾə# | *#ˈat͡ʃerə# {GOLD: #ˈat͡ʃirə#}
755    | #kˈukum# | *#kˈuku# | *#kˈuku# | *#kˈuk# {GOLD: #kˈuk#}
756    | #drˌepanˈellam# | *#drepanˈɛlla# | *#dɾepəɲe̯ˈawə# | *#drepəjˈawə# {GOLD: #drepne̯ˈa#}
757    | #ɡˈaiam# | *#d͡ʒɛˈa# | *#d͡ʒe̯ˈa# | *#d͡ʒe̯ˈa# {GOLD: #ɡˈaje#}
758    | #ɡˈalɡulum# | *#ɡˈalɡulu# | *#ɡˈalɡuɾu# | *#ɡˈalɡur# {GOLD: #ɡrˈanɡur#}
759    | #ɡrˈaulum# | *#ɡrˈalu# | *#ɡɾˈaɾu# | *#ɡrˈar# {GOLD: #ɡrˈawr#}
760    | #ɡrˈuem# | *#ɡrwˈe# | *#ɡɾwˈe# | *#ɡrwˈe# {GOLD: #ɡrˈuj#}
761    | #hˌirundinˈellam# | *#erundenˈɛlla# | *#eɾundeɲe̯ˈawə# | *#erundijˈawə# {GOLD: #rɨndune̯ˈa#}
762    | #mˈerulam# | *#mˈɛrla# | *#mje̯ˈaɾlə# | *#mjˈarlə# {GOLD: #mjˈerlə#}
763    | #palˈumbum# | *#palˈumbu# | *#pəɾˈumbu# | *#pərˈumb# {GOLD: #porˈumb#}
764    | #pˌeturnˈiːkulam# | *#peturnˈikula# | *#petuɾɲˈikuɾə# | *#pəturˈikurə# {GOLD: #poturnˈike#}
765    | #pˌerwˌiɡilaːtˈoːriam# | *#pered͡ʒelatˈord͡ʒa# | *#peɾed͡ʒeɾəto̯ˈaɾd͡ʒə# | *#pered͡ʒerəto̯ˈard͡ʒə# {GOLD: #priviɡeto̯ˈare#}
766    | #pˌerwˌiɡilˈaː# | *#pered͡ʒelˈa# | *#peɾed͡ʒeɾˈa# | *#pered͡ʒerˈa# {GOLD: #priveɡe̯ˈa#}
767    | #strˈiɡam# | *#strˈeɡa# | *#stɾe̯ˈaɡə# | *#stre̯ˈaɡə# {GOLD: #strˈiɡə#}
768    | #stˈurdium# | *#stˈurd͡ʒu# | *#stˈuɾd͡ʒu# | *#stˈurʒ# {GOLD: #stˈurz#}
769    | #tˈurturem# | *#tˈurture# | *#tˈuɾtuɾe# | *#tˈurture# {GOLD: #tˈurturə#}
770    | #tˌurturˈellam# | *#turturˈɛlla# | *#tuɾtu?0e̯ˈawə# | *#turtu?1e̯ˈawə# {GOLD: #turture̯ˈa#}
771    | #ˌupˈupad͡zam# | *#upˈupad͡za# | *#upˈupəd͡zə# | *#upˈupəzə# {GOLD: #pˈupəzə#}
772    | #wˈulturem# | *#ˈulture# | *#ˈultuɾe# | *#ˈulture# {GOLD: #vˈultur#}
773    | #lˈaktiːs# | *#lˈapti# | *#lˈapt͡si# | *#lˈapt͡sj̊# {GOLD: #lˈapt͡sj#}
774    | #pˌiskˈaːrium# | *#pskˈard͡ʒu# | *#pskˈaɾd͡ʒu# | *#pskˈarʒ# {GOLD: #pəskˈar#}
775    | #brˈoːskam# | *#brˈoska# | *#bɾo̯ˈaskə# | *#bro̯ˈaskə# {GOLD: #bro̯ˈaskə#}
776    | #sˈerpeːns# | *#sˈɛrpe# | *#ʃe̯ˈaɾpe# | *#ʃˈarpe# {GOLD: #ʃˈarpe#}
777    | #sˌerpˈentiam# | *#serpˈɛnd͡ʒa# | *#seɾpˈend͡ʒə# | *#serpˈɨnd͡ʒə# {GOLD: #ʃerpˈɨnt͡sə#}
778    | #wˈiːperam# | *#ˈipera# | *#jˈipeɾə# | *#ˈipərə# {GOLD: #vˈiperə#}
779    | #kˈaːrium# | *#kˈard͡ʒu# | *#kˈaɾd͡ʒu# | *#kˈarʒ# {GOLD: #kˈar#}
780    | #kˌawˈoːnem# | *#kaˈone# | *#kəˈune# | *#kəˈune# {GOLD: #ɡəˈun#}
781    | #kˈiːmikem# | *#t͡ʃˈimet͡ʃe# | *#t͡ʃˈimet͡ʃe# | *#t͡ʃˈimet͡ʃe# {GOLD: #t͡ʃˈint͡ʃe#}
782    | #fˌormˈiːkam# | *#formˈika# | *#fuɾmjˈikə# | *#furmˈikə# {GOLD: #furnˈikə#}
783    | #ɡrˌyllˈiolum# | *#ɡrelljˈolu# | *#ɡɾeʎˈoɾu# | *#ɡrejˈor# {GOLD: #ɡrˈejer#}
784    | #lˌakˈustam# | *#lakˈusta# | *#ləkˈustə# | *#ləkˈustə# {GOLD: #ləkˈustə#}
785    | #lˈendinem# | *#lˈɛndene# | *#lˈendene# | *#lˈindine# {GOLD: #lˈindinə#}
786    | #lˌumbrˈiːkum# | *#lumbrˈiku# | *#lumb?0ˈiku# | *#lumb?1ˈik# {GOLD: #limbrˈik#}
787    | #mˈuskam# | *#mˈuska# | *#mˈuskə# | *#mˈuskə# {GOLD: #mˈuskə#}
788    | #ˌoe̯strˈikulum# | *#oe̯strˈekulu# | *#ue̯stɾˈekuɾu# | *#ue̯strˈekur# {GOLD: #strˈeke#}
789    | #pˌeːdˈukulum# | *#pedˈukulu# | *#pedˈukuɾu# | *#pədˈukur# {GOLD: #pədˈuke#}
790    | #pˈuːlikem# | *#pˈulet͡ʃe# | *#pˈuɾet͡ʃe# | *#pˈuret͡ʃe# {GOLD: #pˈurit͡ʃe#}
791    | #tˌabˈoːnem# | *#taˈone# | *#təˈune# | *#təˈune# {GOLD: #təˈun#}
792    | #wˈermem# | *#ˈɛrme# | *#jˈeɾme# | *#jˈerme# {GOLD: #vjˈerme#}
793    | #wˈespam# | *#ˈɛspa# | *#je̯ˈaspə# | *#jˈaspə# {GOLD: #vjˈespe#}
794    | #ˌekskˈurtum# | *#skˈurtu# | *#skˈuɾtu# | *#skˈurt# {GOLD: #skˈurt#}
795    | #kˈurtum# | *#kˈurtu# | *#kˈuɾtu# | *#kˈurt# {GOLD: #kˈurt#}
796    | #dˌeˈorsum# | *#d͡ʒˈosu# | *#d͡ʒˈosu# | *#ʒˈos# {GOLD: #ʒˈos#}
797    | #dˌeːsˈertum# | *#desˈɛrtu# | *#deʃˈeɾtu# | *#deʃˈert# {GOLD: #deʃˈert#}
798    | #ˌeksˈaːmen# | *#sˈame# | *#sˈəme# | *#sˈəme# {GOLD: #sˈamə#}
799    | #fˈalkem# | *#fˈalt͡ʃe# | *#fˈalt͡ʃe# | *#fˈalt͡ʃe# {GOLD: #fˈalt͡ʃe#}
800    | #ɡrˈewem# | *#ɡrˈɛe# | *#ɡ?0e̯ˈae# | *#ɡ?1ˈee# {GOLD: #ɡrˈew#}
801    | #ˌimpˌutˈaː# | *#emputˈa# | *#emputˈa# | *#imputˈa# {GOLD: #ɨmputˈa#}
802    | #ˌintˈeɡrum# | *#entˈɛɡru# | *#ent͡sˈeɡɾu# | *#int͡sˈeɡrw̍# {GOLD: #ɨntrˈeɡ#}
803    | #lˈonɡum# | *#lˈonɡu# | *#lˈonɡu# | *#lˈonɡ# {GOLD: #lˈunɡ#}
804    | #mˌeːnsˈuːram# | *#mesˈura# | *#mesˈuɾə# | *#məsˈurə# {GOLD: #məsˈurə#}
805    | #mˌeːnsuːrˈaː# | *#mesurˈa# | *#mesuɾˈa# | *#məsurˈa# {GOLD: #məsurˈa#}
806    | #mˈiːkam# | *#mˈika# | *#mjˈikə# | *#mˈikə# {GOLD: #mˈikə#}
807    | #mˌinˈuːtum# | *#menˈutu# | *#menˈutu# | *#mɨnˈut# {GOLD: #mərˈunt#}
808    | #mˈultum# | *#mˈultu# | *#mˈultu# | *#mˈult# {GOLD: #mˈult#}
809    | #nˌumerˈaː# | *#numerˈa# | *#numeɾˈa# | *#numərˈa# {GOLD: #numərˈa#}
810    | #nˈumerum# | *#nˈumeru# | *#nˈumeɾu# | *#nˈumər# {GOLD: #nˈumər#}
811    | #pˌarˈikulum# | *#parˈekulu# | *#pəɾˈekuɾu# | *#pərˈekur# {GOLD: #perˈeke#}
812    | #pˈartem# | *#pˈarte# | *#pˈaɾte# | *#pˈarte# {GOLD: #pˈarte#}
813    | #pˈassum# | *#pˈasu# | *#pˈasu# | *#pˈas# {GOLD: #pˈas#}
814    | #pˈettiam# | *#pˈɛtd͡ʒa# | *#pje̯ˈatd͡ʒə# | *#pjˈatd͡ʒə# {GOLD: #pˈɨt͡sə#}
815    | #plˈeːnum# | *#plˈenu# | *#plˈenu# | *#plˈin# {GOLD: #plˈin#}
816    | #kwˈantum# | *#pˈantu# | *#pˈantu# | *#pˈant# {GOLD: #kˈɨt#}
817    | #sˈinɡulum# | *#sˈenɡulu# | *#sˈenɡuɾu# | *#sˈinɡur# {GOLD: #sˈinɡur#}
818    | #sˈummam# | *#sˈuma# | *#sˈumə# | *#sˈumə# {GOLD: #sˈumə#}
819    | #tˈoːtum# | *#tˈotu# | *#tˈotu# | *#tˈot# {GOLD: #tˈot#}
820    | #tˈoːtam# | *#tˈota# | *#to̯ˈatə# | *#to̯ˈatə# {GOLD: #to̯ˈatə#}
821    | #ˈambiː# | *#ˈambi# | *#ˈambji# | *#ˈambj̊# {GOLD: #ˈɨmbj#}
822    | #ˌantˈaneum# | *#antˈand͡ʒu# | *#antˈand͡ʒu# | *#antˈanʒ# {GOLD: #ɨntˈɨj#}
823    | #kwˈiːnkwe# | *#t͡ʃˈint͡ʃe# | *#t͡ʃˈint͡ʃe# | *#t͡ʃˈint͡ʃe# {GOLD: #t͡ʃˈint͡ʃj#}
824    | #dˈoːs# | *#dˈoj# | *#dˈoj# | *#dˈoj# {GOLD: #dˈoj#}
825    | #mˈiːlia# | *#mˈild͡ʒa# | *#mjˈild͡ʒə# | *#mˈild͡ʒə# {GOLD: #mˈije#}
826    | #nˈowem# | *#nˈoe# | *#no̯ˈae# | *#no̯ˈae# {GOLD: #nˈowə#}
827    | #ˈoktoː# | *#ˈopto# | *#ˈoptu# | *#ˈopt# {GOLD: #ˈopt#}
828    | #kwˈattuor# | *#pˈatbro# | *#pˈatbɾu# | *#pˈatbrw̍# {GOLD: #pˈatru#}
829    | #sˈessem# | *#sˈɛse# | *#ʃe̯ˈase# | *#ʃˈase# {GOLD: #ʃˈase#}
830    | #ˌannoːtˈertioː# | *#annotˈɛrd͡ʒo# | *#annut͡sˈeɾd͡ʒu# | *#anut͡sˈerʒ# {GOLD: #ant͡sˈərt͡s#}
831    | #trˈeːs# | *#trˈej# | *#tɾˈej# | *#trˈej# {GOLD: #trˈej#}
832    | #ˈuːnum# | *#ˈunu# | *#ˈunu# | *#ˈun# {GOLD: #ˈunu#}
833    | #ˈanɡulum# | *#ˈanɡulu# | *#ˈanɡuɾu# | *#ˈanɡur# {GOLD: #ˈunɡj#}
834    | #ˌanɡˈustum# | *#anɡˈustu# | *#anɡˈustu# | *#anɡˈust# {GOLD: #ɨnɡˈust#}
835    | #ˈasperum# | *#ˈasperu# | *#ˈaspeɾu# | *#ˈaspər# {GOLD: #ˈaspru#}
836    | #kˈirkum# | *#t͡ʃˈerku# | *#t͡ʃˈeɾku# | *#t͡ʃˈerk# {GOLD: #t͡ʃˈerk#}
837    | #dˈeːnsum# | *#dˈesu# | *#dˈesu# | *#dˈes# {GOLD: #dˈes#}
838    | #fˌoːrmˈoːsum# | *#formˈosu# | *#fuɾmˈosu# | *#furmˈos# {GOLD: #frumˈos#}
839    | #frˈaɡidum# | *#frˈad͡ʒedu# | *#fɾˈad͡ʒedu# | *#frˈad͡ʒed# {GOLD: #frˈad͡ʒed#}
840    | #ɡrˈassum# | *#ɡrˈasu# | *#ɡɾˈasu# | *#ɡrˈas# {GOLD: #ɡrˈas#}
841    | #ɡrˈossum# | *#ɡrˈosu# | *#ɡɾˈosu# | *#ɡrˈos# {GOLD: #ɡrˈos#}
842    | #hˈuːmidum# | *#ˈumedu# | *#ˈumedu# | *#ˈuməd# {GOLD: #ˈumed#}
843    | #lˈarɡum# | *#lˈarɡu# | *#lˈaɾɡu# | *#lˈarɡ# {GOLD: #lˈarɡ#}
844    | #lˈaːtum# | *#lˈatu# | *#lˈatu# | *#lˈat# {GOLD: #lˈat#}
845    | #lˈeːnem# | *#lˈene# | *#lˈene# | *#lˈine# {GOLD: #lˈin#}
846    | #mˈakrum# | *#mˈapru# | *#mˈapɾu# | *#mˈaprw̍# {GOLD: #mˈakru#}
847    | #mˈarkidum# | *#mˈart͡ʃedu# | *#mˈaɾt͡ʃedu# | *#mˈart͡ʃed# {GOLD: #mˈɨrt͡ʃed#}
848    | #mˈedium# | *#mˈɛd͡zu# | *#mjˈed͡zu# | *#mjˈez# {GOLD: #mjˈez#}
849    | #mˈollem# | *#mˈolle# | *#mo̯ˈale# | *#mo̯ˈale# {GOLD: #mo̯ˈale#}
850    | #mˈuːkkidum# | *#mˈut͡ʃedu# | *#mˈut͡ʃedu# | *#mˈut͡ʃed# {GOLD: #mˈut͡ʃed#}
851    | #mˈuːtulum# | *#mˈutulu# | *#mˈutuɾu# | *#mˈutur# {GOLD: #mˈukje#}
852    | #mˈuːtulam# | *#mˈutula# | *#mˈutuɾə# | *#mˈuturə# {GOLD: #mˈukje#}
853    | #nˌaːtˈuːram# | *#natˈura# | *#nətˈuɾə# | *#nətˈurə# {GOLD: #natˈurə#}
854    | #nˈitidum# | *#nˈetedu# | *#ne̯ˈatedu# | *#nˈeted# {GOLD: #nˈeted#}
855    | #kwˌiˈeːtum# | *#t͡ʃˈetu# | *#t͡ʃˈetu# | *#t͡ʃˈet# {GOLD: #t͡ʃˈet#}
856    | #kwˌiˈeːtam# | *#t͡ʃˈeta# | *#t͡ʃe̯ˈatə# | *#t͡ʃe̯ˈatə# {GOLD: #t͡ʃe̯ˈatə#}
857    | #rˈankidum# | *#rˈant͡ʃedu# | *#rrˈant͡ʃedu# | *#rˈant͡ʃed# {GOLD: #rˈɨnt͡ʃed#}
858    | #rˈaːrum# | *#rˈaru# | *#rrˈaɾu# | *#rˈar# {GOLD: #rˈar#}
859    | #rˌetˈundum# | *#retˈundu# | *#rretˈundu# | *#rətˈund# {GOLD: #rətˈund#}
860    | #skrˈobulam# | *#skrˈoɡula# | *#skɾo̯ˈaɡuɾə# | *#skro̯ˈaɡurə# {GOLD: #skˈorburə#}
861    | #sˈiɡnum# | *#sˈemnu# | *#sˈemnu# | *#sˈimn# {GOLD: #sˈemn#}
862    | #sˌimilˈaː# | *#semlˈa# | *#semlˈa# | *#simlˈa# {GOLD: #semənˈa#}
863    | #strˈinktum# | *#strˈentu# | *#stɾˈentu# | *#strˈint# {GOLD: #strˈɨmt#}
864    | #sˌubtˈiːlem# | *#suɡtˈile# | *#suɡt͡sˈiɾe# | *#suɡt͡sˈire# {GOLD: #subt͡sˈire#}
865    | #tˌakˈeː# | *#tat͡ʃˈe# | *#tət͡ʃˈe# | *#tət͡ʃˈe# {GOLD: #tət͡ʃe̯ˈa#}
866    | #tˈaːlem# | *#tˈale# | *#tˈaɾe# | *#tˈare# {GOLD: #tˈare#}
867    | #ˈuːdum# | *#ˈudu# | *#ˈudu# | *#ˈud# {GOLD: #ˈud#}
868    | #ˌuːdˈaː# | *#udˈa# | *#udˈa# | *#udˈa# {GOLD: #udˈa#}
869    | #wˌiskˈoːsum# | *#vskˈosu# | *#vskˈosu# | *#vskˈos# {GOLD: #vɨskˈos#}
870    | #kolˈostram# | *#kolˈostra# | *#kuɾo̯ˈastɾə# | *#kuro̯ˈastrə# {GOLD: #korˈastrə#}
871    | #aspektˈaː# | *#aspstˈa# | *#aspstˈa# | *#aspstˈa# {GOLD: #aʃteptˈa#}
872    | #kˈohortem# | *#kwˈorte# | *#kwo̯ˈaɾte# | *#kwo̯ˈarte# {GOLD: #kˈurte#}
873    | #konweniˈentiam# | *#konend͡ʒˈɛnd͡ʒa# | *#kunend͡ʒˈend͡ʒə# | *#kunind͡ʒˈind͡ʒə# {GOLD: #kuviˈint͡sə#}
874    | #konwenˈi# | *#konenˈi# | *#kuneɲˈi# | *#kunij̊# {GOLD: #kuvenˈi#}
875    | #konwentˈaː# | *#konentˈa# | *#kunentˈa# | *#kunintˈa# {GOLD: #kuvɨntˈa#}
876    | #dˈominum# | *#dˈomnu# | *#dˈomnu# | *#dˈomn# {GOLD: #dˈomn#}
877    | #frˈankum# | *#frˈanku# | *#fɾˈanku# | *#frˈank# {GOLD: #frˈɨnk#}
878    | #ɡrˈae̯kum# | *#ɡrˈae̯ku# | *#ɡɾˈae̯ku# | *#ɡrˈae̯k# {GOLD: #ɡrˈek#}
879    | #hˈospitem# | *#ˈospete# | *#o̯ˈaspete# | *#o̯ˈaspete# {GOLD: #o̯ˈaspete#}
880    | #hospitˈaː# | *#ospetˈa# | *#uspetˈa# | *#uspətˈa# {GOLD: #ospətˈa#}
881    | #imperˈaːtoːrem# | *#emperˈatore# | *#empeɾˈatuɾe# | *#impərˈature# {GOLD: #ɨmpərˈat#}
882    | #jˈuːdikem# | *#d͡ʒˈudet͡ʃe# | *#d͡ʒˈudet͡ʃe# | *#ʒˈudet͡ʃe# {GOLD: #ʒˈude#}
883    | #juːdˈikium# | *#d͡ʒudˈed͡zu# | *#d͡ʒudˈed͡zu# | *#ʒudˈez# {GOLD: #ʒudˈet͡s#}
884    | #juːraːmˈentum# | *#d͡ʒuramˈɛntu# | *#d͡ʒuɾəmˈentu# | *#ʒurəmˈɨnt# {GOLD: #ʒurəmˈɨnt#}
885    | #juːrˈaː# | *#d͡ʒurˈa# | *#d͡ʒuɾˈa# | *#ʒurˈa# {GOLD: #ʒurˈa#}
886    | #lawdˈaː# | *#ladˈa# | *#lədˈa# | *#lədˈa# {GOLD: #ləwdˈa#}
887    | #lˈawdem# | *#lˈade# | *#lˈade# | *#lˈade# {GOLD: #lˈawdə#}
888    | #lˈeːɡem# | *#lˈed͡ʒe# | *#le̯ˈad͡ʒe# | *#lˈed͡ʒe# {GOLD: #lˈed͡ʒe#}
889    | #liɡaːmˈentum# | *#leɡamˈɛntu# | *#leɡəmˈentu# | *#leɡəmˈɨnt# {GOLD: #leɡəmˈɨnt#}
890    | #potˈentiam# | *#potˈɛnd͡ʒa# | *#putˈend͡ʒə# | *#putˈind͡ʒə# {GOLD: #putˈint͡sə#}
891    | #saluːtˈaː# | *#salutˈa# | *#səɾutˈa# | *#sərutˈa# {GOLD: #sərutˈa#}
892    | #sklˈawum# | *#sklˈau# | *#skʎˈau# | *#skjˈa# {GOLD: #ʃkjˈaw#}
893    | #wiːkiːnitˈaːtem# | *#it͡ʃinetˈate# | *#jit͡ʃenetˈate# | *#it͡ʃinetˈate# {GOLD: #vet͡ʃinətˈate#}
894    | #wiktimˈaː# | *#vstemˈa# | *#vstemˈa# | *#vstimˈa# {GOLD: #vətəmˈa#}
895    | #ae̯stimˈaː# | *#ae̯stemˈa# | *#ae̯stemˈa# | *#ae̯stimˈa# {GOLD: #nestemˈatə#}
896    | #komparˈaː# | *#komparˈa# | *#kumpəɾˈa# | *#kumpərˈa# {GOLD: #kumpərˈa#}
897    | #fuːrˈaː# | *#furˈa# | *#fuɾˈa# | *#furˈa# {GOLD: #furˈa#}
898    | #fˈuːrem# | *#fˈure# | *#fˈuɾe# | *#fˈure# {GOLD: #fˈur#}
899    | #improːmuːtuˈaː# | *#empromutˈa# | *#empɾumutˈa# | *#imprumutˈa# {GOLD: #ɨmprumutˈa#}
900    | #lewˈaː# | *#leˈa# | *#le̯ˈa# | *#le̯ˈa# {GOLD: #lwˈa#}
901    | #neɡoːtiaːtˈoːrem# | *#neɡod͡ʒatˈore# | *#neɡud͡ʒəto̯ˈaɾe# | *#neɡud͡ʒəto̯ˈare# {GOLD: #neɡut͡sətˈor#}
902    | #neɡˈoːtium# | *#neɡˈod͡zu# | *#neɡˈod͡zu# | *#neɡˈoz# {GOLD: #neɡˈot͡s#}
903    | #pˈerde# | *#pˈɛrde# | *#pje̯ˈaɾde# | *#pjˈerde# {GOLD: #pjˈerde#}
904    | #prˈetium# | *#prˈɛd͡zu# | *#p?0ˈed͡zu# | *#p?1ˈez# {GOLD: #prˈet͡s#}
905    | #wˈende# | *#ˈɛnde# | *#ˈende# | *#ˈinde# {GOLD: #vˈinde#}
906    | #ˈanɡelum# | *#ˈand͡ʒelu# | *#ˈand͡ʒeɾu# | *#ˈand͡ʒer# {GOLD: #ˈɨnd͡ʒer#}
907    | #kʰriːstiˈaːnum# | *#krisd͡ʒˈanu# | *#kɾesd͡ʒˈənu# | *#kresd͡ʒˈɨn# {GOLD: #kreʃtˈin#}
908    | #krˈukem# | *#krˈut͡ʃe# | *#kɾˈut͡ʃe# | *#krˈut͡ʃe# {GOLD: #krˈut͡ʃe#}
909    | #dˈeːum# | *#deˈu# | *#deˈu# | *#de# {GOLD: #zˈew#}
910    | #drakˈoːnem# | *#drakˈone# | *#dɾəkˈune# | *#drəkˈune# {GOLD: #drˈak#}
911    | #jejuːnˈaː# | *#d͡ʒed͡ʒunˈa# | *#d͡ʒed͡ʒunˈa# | *#d͡ʒeʒunˈa# {GOLD: #aʒunˈa#}
912    | #inklinˈaː# | *#enklenˈa# | *#enkʎenˈa# | *#inkinˈa# {GOLD: #ɨnkinˈa#}
913    | #inkliːnaːtiˈoːnem# | *#enklinad͡ʒˈone# | *#enkʎenəd͡ʒˈune# | *#inkinəʒˈune# {GOLD: #ɨnkinət͡ʃˈune#}
914    | #liːbertˈaː# | *#liertˈa# | *#ʎieɾtˈa# | *#iertˈa# {GOLD: #jertˈa#}
915    | #miːriˈoːnem# | *#mird͡ʒˈone# | *#meɾd͡ʒˈune# | *#mərʒˈune# {GOLD: #minˈune#}
916    | #oːraːtiˈoːnem# | *#orad͡ʒˈone# | *#uɾəd͡ʒˈune# | *#urəʒˈune# {GOLD: #urət͡ʃˈune#}
917    | #paːɡaːnitˈaːtem# | *#paɡanetˈate# | *#pəɡənetˈate# | *#pəɡɨnetˈate# {GOLD: #pəɡɨnətˈate#}
918    | #pekkˈaːtum# | *#pekˈatu# | *#pekˈatu# | *#pəkˈat# {GOLD: #pəkˈat#}
919    | #populˈaːnum# | *#populˈanu# | *#pupuɾˈənu# | *#pupurˈɨn# {GOLD: #poporˈan#}
920    | #pˈopulum# | *#pˈopulu# | *#pˈopuɾu# | *#pˈopur# {GOLD: #popˈor#}
921    | #kwadraːɡˈeːsimam# | *#padrad͡ʒˈesema# | *#pədɾəd͡ʒe̯ˈasemə# | *#pədrəd͡ʒˈesimə# {GOLD: #pəresˈimj#}
922    | #roɡˈaː# | *#roɡˈa# | *#rruɡˈa# | *#ruɡˈa# {GOLD: #ruɡˈa#}
923    | #roɡaːtiˈoːnem# | *#roɡad͡ʒˈone# | *#rruɡəd͡ʒˈune# | *#ruɡəʒˈune# {GOLD: #ruɡət͡ʃˈune#}
924    | #kreaːtiˈoːnem# | *#krd͡ʒad͡ʒˈone# | *#kɾd͡ʒəd͡ʒˈune# | *#krd͡ʒəʒˈune# {GOLD: #krət͡ʃˈun#}
925    | #pˈaskʰa# | *#pˈaska# | *#pˈaskə# | *#pˈaskə# {GOLD: #pˈaskə#}
926    | #pˈaskʰae̯# | *#pˈaskae̯# | *#pˈaskəe̯# | *#pˈaskəe̯# {GOLD: #pˈaʃte#}
927    | #serwˈaː# | *#serˈa# | *#seɾˈa# | *#serˈa# {GOLD: #serbˈa#}
928    | #kommandˈaː# | *#komandˈa# | *#kuməndˈa# | *#kumɨndˈa# {GOLD: #kumɨndˈa#}
929    | #kommendˈaː# | *#komendˈa# | *#kumendˈa# | *#kumɨndˈa# {GOLD: #kumɨndˈa#}
930    | #monumˈentum# | *#monmˈɛntu# | *#munmˈentu# | *#munmˈɨnt# {GOLD: #mormˈɨnt#}
931    | #inkantˈaː# | *#enkantˈa# | *#enkəntˈa# | *#inkɨntˈa# {GOLD: #ɨnkɨntˈə#}
932    | #tˈemplum# | *#tˈɛmplu# | *#tˈemplu# | *#tˈimplw̍# {GOLD: #tˈɨmplə#}
933    | #kantˈaː# | *#kantˈa# | *#kəntˈa# | *#kɨntˈa# {GOLD: #kɨntˈa#}
934    | #kʰˈartam# | *#kˈarta# | *#kˈaɾtə# | *#kˈartə# {GOLD: #kˈarte#}
935    | #skrˈiːbe# | *#skrˈie# | *#sk?0ˈie# | *#sk?1ˈie# {GOLD: #skrˈije#}
936    | #skriːptˈuːram# | *#skriptˈura# | *#skɾeptˈuɾə# | *#skreptˈurə# {GOLD: #skriptˈurə#}
937    | #buːkinˈaː# | *#but͡ʃenˈa# | *#but͡ʃenˈa# | *#but͡ʃinˈa# {GOLD: #but͡ʃinˈa#}
938    | #bˈuːkinum# | *#bˈut͡ʃenu# | *#bˈut͡ʃenu# | *#bˈut͡ʃin# {GOLD: #bˈut͡ʃin#}
939    | #kˈantikum# | *#kˈanteku# | *#kˈanteku# | *#kˈantek# {GOLD: #kˈɨntek#}
940    | #kʰˈordam# | *#kˈorda# | *#ko̯ˈaɾdə# | *#ko̯ˈardə# {GOLD: #ko̯ˈardə#}
941    | #kˈitʰaram# | *#t͡ʃˈetara# | *#t͡ʃe̯ˈatəɾə# | *#t͡ʃe̯ˈatərə# {GOLD: #t͡ʃˈeterə#}
942    | #siːbilˈaː# | *#sielˈa# | *#ʃieɾˈa# | *#ʃierˈa# {GOLD: #ʃwerˈa#}
943    | #sonˈaː# | *#sonˈa# | *#sunˈa# | *#sunˈa# {GOLD: #sunˈa#}
944    | #sˈonum# | *#sˈonu# | *#sˈunu# | *#sˈun# {GOLD: #sˈun#}
945    | #sˈonitum# | *#sˈonetu# | *#sˈunetu# | *#sˈunet# {GOLD: #sˈunet#}
946    | #wˈersum# | *#ˈɛsu# | *#jˈesu# | *#jˈes# {GOLD: #vjˈers#}
947    | #jokˈaː# | *#d͡ʒokˈa# | *#d͡ʒukˈa# | *#ʒukˈa# {GOLD: #ʒukˈa#}
948    | #jˈokum# | *#d͡ʒˈoku# | *#d͡ʒˈoku# | *#ʒˈok# {GOLD: #ʒˈok#}
949    | #pertraːjˈike# | *#pertrad͡ʒˈet͡ʃe# | *#peɾtɾəd͡ʒe̯ˈat͡ʃe# | *#pərtrəd͡ʒˈet͡ʃe# {GOLD: #petrˈet͡ʃe#}
950    | #kaːnˈuːtum# | *#kanˈutu# | *#kənˈutu# | *#kɨnˈut# {GOLD: #kərˈunt#}
951    | #ɡˈalbinum# | *#ɡˈalbenu# | *#ɡˈalbenu# | *#ɡˈalbɨn# {GOLD: #ɡˈalben#}
952    | #mˈerum# | *#mˈɛru# | *#mjˈeɾu# | *#mjˈer# {GOLD: #mjˈer#}
953    | #rˈoseum# | *#rˈosd͡ʒu# | *#rrˈosd͡ʒu# | *#rˈosʒ# {GOLD: #rˈoʃ#}
954    | #rˈussum# | *#rˈusu# | *#rrˈusu# | *#rˈus# {GOLD: #rˈus#}
955    | #wˈenetum# | *#ˈɛnetu# | *#jˈenetu# | *#ˈinet# {GOLD: #vˈɨnət#}
956    | #wirɡˈaːtum# | *#erɡˈatu# | *#eɾɡˈatu# | *#erɡˈat# {GOLD: #vərɡˈat#}
957    | #amˈaːrum# | *#amˈaru# | *#əmˈaɾu# | *#əmˈar# {GOLD: #amˈar#}
958    | #dˈulke# | *#dˈult͡ʃe# | *#dˈult͡ʃe# | *#dˈult͡ʃe# {GOLD: #dˈult͡ʃe#}
959    | #dulkˈorem# | *#dulkˈore# | *#dulko̯ˈaɾe# | *#dulko̯ˈare# {GOLD: #dulko̯ˈare#}
960    | #puːtˈoːrem# | *#putˈore# | *#puto̯ˈaɾe# | *#puto̯ˈare# {GOLD: #puto̯ˈare#}
961    | #pˈutridum# | *#pˈutredu# | *#pˈutɾedu# | *#pˈutred# {GOLD: #pˈutred#}
962    | #kaldˈoːrem# | *#kaldˈore# | *#kəldo̯ˈaɾe# | *#kəldo̯ˈare# {GOLD: #kəldˈurə#}
963    | #kˈalidum# | *#kˈaledu# | *#kˈaɾedu# | *#kˈared# {GOLD: #kˈald#}
964    | #ferwˈentem# | *#ferˈɛnte# | *#feɾˈente# | *#ferˈinte# {GOLD: #fjerbˈinte#}
965    | #frˈiːɡus# | *#frˈiɡu# | *#f?0ˈiɡu# | *#f?1ˈiɡ# {GOLD: #frˈiɡ#}
966    | #rˈekentem# | *#rˈɛt͡ʃente# | *#rrje̯ˈat͡ʃente# | *#rjˈet͡ʃinte# {GOLD: #rˈet͡ʃe#}
967    | #apprehˈende# | *#aprjˈɛnde# | *#ap?0ˈende# | *#ap?1ˈinde# {GOLD: #aprˈinde#}
968    | #ˈaːrde# | *#ˈarde# | *#ˈaɾde# | *#ˈarde# {GOLD: #ˈarde#}
969    | #arsˈuːram# | *#asˈura# | *#asˈuɾə# | *#asˈurə# {GOLD: #arsˈurə#}
970    | #kinˈusiam# | *#t͡ʃenˈusd͡ʒa# | *#t͡ʃenˈusd͡ʒə# | *#t͡ʃinˈusd͡ʒə# {GOLD: #t͡ʃenˈuʃə#}
971    | #fˈakulam# | *#fˈakula# | *#fˈakuɾə# | *#fˈakurə# {GOLD: #flˈakərə#}
972    | #flˈamma# | *#flˈama# | *#flˈəmə# | *#flˈəmə# {GOLD: #flˈamə#}
973    | #fˈokum# | *#fˈoku# | *#fˈoku# | *#fˈok# {GOLD: #fˈok#}
974    | #fuːlˈiːɡinem# | *#fulˈid͡ʒene# | *#fu?0ˈid͡ʒene# | *#fu?1ˈid͡ʒine# {GOLD: #funˈind͡ʒine#}
975    | #fˈuːmum# | *#fˈumu# | *#fˈumu# | *#fˈum# {GOLD: #fˈum#}
976    | #inkˈende# | *#ent͡ʃˈɛnde# | *#ent͡ʃˈende# | *#int͡ʃˈinde# {GOLD: #ɨnt͡ʃˈinde#}
977    | #stˈinɡwe# | *#stˈend͡ʒe# | *#stˈend͡ʒe# | *#stˈind͡ʒe# {GOLD: #stˈind͡ʒe#}
978    | #tiːtiˈoːnem# | *#tid͡ʒˈone# | *#ted͡ʒˈune# | *#teʒˈune# {GOLD: #tət͡ʃˈune#}
979    | #ˌaddˌeːˈante# | *#adeˈante# | *#ade̯ˈante# | *#adˈente# {GOLD: #adˈinte#}
980    | #ˌadhˈikke# | *#adˈet͡ʃe# | *#ade̯ˈat͡ʃe# | *#adˈet͡ʃe# {GOLD: #aˈit͡ʃj#}
981    | #ˌadmˈodo# | *#admˈodo# | *#admˈodu# | *#admˈod# {GOLD: #amˈu#}
982    | #ˌadfˈoraːs# | *#adfˈora# | *#adfo̯ˈaɾə# | *#adfo̯ˈarə# {GOLD: #afˈarə#}
983    | #alˈiubi# | *#alud͡ʒi# | *#aɾud͡ʒi# | *#arud͡ʒj̊# {GOLD: #ajˈure#}
984    | #kˈontraː# | *#kˈontra# | *#kˈontɾə# | *#kˈontrə# {GOLD: #kˈətre#}
985    | #kurrˈendum# | *#kurrˈɛndu# | *#kurrˈendu# | *#kurˈɨnd# {GOLD: #kurˈɨnd#}
986    | #dˌeːˌekkeˈinde# | *#dejkd͡ʒˈende# | *#dejkd͡ʒˈende# | *#dejkd͡ʒˈinde# {GOLD: #det͡ʃˈinde#}
987    | #ˌaddˌeːˌinˈillahoːram# | *#adenˈellaora# | *#adene̯ˈawəuɾə# | *#adine̯ˈawəurə# {GOLD: #adine̯ˈawrj#}
988    | #deˈorsum# | *#d͡ʒˈosu# | *#d͡ʒˈosu# | *#ʒˈos# {GOLD: #ʒˈos#}
989    | #dˌeːpˈarte# | *#depˈarte# | *#depˈaɾte# | *#depˈarte# {GOLD: #depˈarte#}
990    | #dˈeːpost# | *#dˈepo# | *#dˈepu# | *#dˈep# {GOLD: #dˈupə#}
991    | #ˌekkehˈik# | *#et͡ʃˈi# | *#et͡ʃˈi# | *#et͡ʃj̊# {GOLD: #at͡ʃˈi#}
992    | #ˌekkehˈikke# | *#et͡ʃˈet͡ʃe# | *#et͡ʃe̯ˈat͡ʃe# | *#et͡ʃˈet͡ʃe# {GOLD: #at͡ʃˈit͡ʃe#}
993    | #ˌekkumhˈakke# | *#ekumˈat͡ʃe# | *#ekumˈat͡ʃe# | *#ekumˈat͡ʃe# {GOLD: #ɨnko̯ˈat͡ʃe#}
994    | #ˌekkumˈillok# | *#ekumˈello# | *#ekumˈelu# | *#ekumˈəl# {GOLD: #akˈolo#}
995    | #ˌekkummˈodo# | *#ekumˈodo# | *#ekumˈodu# | *#ekumˈod# {GOLD: #akˈum#}
996    | #hˈaːkdˈieː# | *#ˈad͡zˈe# | *#ˈad͡zˈe# | *#ˈazˈe# {GOLD: #ˈazj#}
997    | #illˈaːk# | *#ellˈa# | *#elˈa# | *#elˈa# {GOLD: #lˈa#}
998    | #ˈin# | *#ˈi# | *#jˈi# | *#j̊# {GOLD: #ˈɨn#}
999    | #ˌinˌabˈante# | *#enaˈante# | *#enəˈante# | *#inəˈante# {GOLD: #ɨnaˈinte#}
1000   | #ˌinˌadˈintroː# | *#enadˈentro# | *#enədˈentɾu# | *#inədˈintrw̍# {GOLD: #ɨnəˈuntru#}
1001   | #ˌinadpˈost# | *#enadpˈoj# | *#enədpˈoj# | *#inədpˈoj# {GOLD: #ɨnapˈoj#}
1002   | #ˌinkˈontraː# | *#enkˈontra# | *#enkˈontɾə# | *#inkˈontrə# {GOLD: #ɨnkˈotro#}
1003   | #ˌindˈeretro# | *#endˈɛretro# | *#end͡ze̯ˈaɾetɾu# | *#inzˈeretrw̍# {GOLD: #ɨndˈərət#}
1004   | #ˈintro# | *#ˈentro# | *#ˈentɾu# | *#ˈintrw̍# {GOLD: #ˈɨntru#}
1005   | #lˈonɡumad# | *#lˈonɡuma# | *#lˈonɡumə# | *#lˈonɡumə# {GOLD: #lˈɨnɡə#}
1006   | #nekˈaliubi# | *#nekˈald͡ʒud͡ʒi# | *#nekˈald͡ʒud͡ʒi# | *#nekˈalʒud͡ʒj̊# {GOLD: #nikəˈirj#}
1007   | #nekˈaliubi# | *#nekˈald͡ʒud͡ʒi# | *#nekˈald͡ʒud͡ʒi# | *#nekˈalʒud͡ʒj̊# {GOLD: #nikəjˈerj#}
1008   | #nˈowum# | *#nˈou# | *#nˈou# | *#nˈo# {GOLD: #nˈow#}
1009   | #pˌerˈinter# | *#perˈentre# | *#peɾˈentɾe# | *#perˈintre# {GOLD: #prˈintre#}
1010   | #pˌerˈintroː# | *#perˈentro# | *#peɾˈentɾu# | *#perˈintrw̍# {GOLD: #pˈentru#}
1011   | #pˌerˈintroː# | *#perˈentro# | *#peɾˈentɾu# | *#perˈintrw̍# {GOLD: #prˈintru#}
1012   | #pˈost# | *#pˈoj# | *#pˈoj# | *#pˈoj# {GOLD: #pˈoj#}
1013   | #sˈubtus# | *#sˈutu# | *#sˈutu# | *#sˈut# {GOLD: #sˈub#}
1014   | #sˈuper# | *#sˈupre# | *#sˈupɾe# | *#sˈupre# {GOLD: #sprˈe#}
1015   | #sˈuːrsum# | *#sˈusu# | *#sˈusu# | *#sˈus# {GOLD: #sˈus#}
1016   | #tardˈiːwum# | *#tardˈiu# | *#təɾd͡zˈiu# | *#tərzˈi# {GOLD: #tɨrzˈiw#}
1017   | #temporˈiːwum# | *#temporˈiu# | *#tempu?0ˈiu# | *#timpu?1ˈi# {GOLD: #timpurˈiw#}
1018   | #ˈumkwam# | *#ˈumpa# | *#ˈumpə# | *#ˈumpə# {GOLD: #ˈɨnkə#}
1019   | #ˈunde# | *#ˈunde# | *#ˈunde# | *#ˈunde# {GOLD: #ˈunde#}
1020   | #wˈetulum# | *#ˈɛtulu# | *#jˈetuɾu# | *#jˈetur# {GOLD: #vˈekj#}
1021   | #wiːkˈiːnum# | *#it͡ʃˈinu# | *#jit͡ʃˈinu# | *#it͡ʃˈin# {GOLD: #vet͡ʃˈin#}
1022   | #ˌabbˈatte# | *#abˈate# | *#abˈate# | *#abˈate# {GOLD: #abˈate#}
1023   | #ˌadkellˈaː# | *#adt͡ʃellˈa# | *#adt͡ʃelˈa# | *#adt͡ʃelˈa# {GOLD: #at͡ʃuˈa#}
1024   | #allarɡˈaː# | *#allarɡˈa# | *#aɾɡˈa# | *#arɡˈa# {GOLD: #alerɡˈa#}
1025   | #appropiˈaː# | *#aprod͡ʒˈa# | *#apɾud͡ʒˈa# | *#aprud͡ʒˈa# {GOLD: #apropjˈa#}
1026   | #assediˈaː# | *#ased͡ʒˈa# | *#ased͡ʒˈa# | *#ased͡ʒˈa# {GOLD: #aʃezˈa#}
1027   | #kadˈeː# | *#kadˈe# | *#kədˈe# | *#kədˈe# {GOLD: #kəde̯ˈa#}
1028   | #kalkˈaː# | *#kalkˈa# | *#kəlkˈa# | *#kəlkˈa# {GOLD: #kˈɨlka#}
1029   | #kˌollokˈaː# | *#kollokˈa# | *#kulukˈa# | *#kulukˈa# {GOLD: #kulkˈa#}
1030   | #kˌurrˈeː# | *#kurrˈe# | *#kurrˈe# | *#kurˈə# {GOLD: #kurˈe#}
1031   | #eːraːdiːkˈaː# | *#eradikˈa# | *#eɾədekˈa# | *#erədekˈa# {GOLD: #ridikˈa#}
1032   | #erraːtikˈiː# | *#erratet͡ʃˈi# | *#errətet͡ʃˈi# | *#erətet͡ʃj̊# {GOLD: #rətət͡ʃˈi#}
1033   | #eːrunkˈaː# | *#erunkˈa# | *#eɾunkˈa# | *#erunkˈa# {GOLD: #arunkˈa#}
1034   | #fˈuɡa# | *#fˈuɡa# | *#fˈuɡə# | *#fˈuɡə# {GOLD: #fˈuɡə#}
1035   | #fuɡˈeː# | *#fud͡ʒˈe# | *#fud͡ʒˈe# | *#fud͡ʒˈe# {GOLD: #fud͡ʒˈi#}
1036   | #ˌinkonɡyːrˈaː# | *#enkond͡ʒirˈa# | *#enkund͡ʒeɾˈa# | *#inkund͡ʒerˈa# {GOLD: #ɨnkonʒurˈa#}
1037   | #intrˈaː# | *#entrˈa# | *#entɾˈa# | *#intrˈa# {GOLD: #intrˈa#}
1038   | #luːbrikˈaː# | *#luwrekˈa# | *#luwɾekˈa# | *#luwrekˈa# {GOLD: #lunekˈa#}
1039   | #mˈerɡe# | *#mˈɛrd͡ʒe# | *#mje̯ˈaɾd͡ʒe# | *#mjˈerd͡ʒe# {GOLD: #mˈerd͡ʒe#}
1040   | #perambulˈaː# | *#perambulˈa# | *#peɾəmbuɾˈa# | *#pərɨmburˈa# {GOLD: #plimbˈa#}
1041   | #plikˈaː# | *#plekˈa# | *#plekˈa# | *#plekˈa# {GOLD: #plekˈa#}
1042   | #proːkˈeːde# | *#prot͡ʃˈede# | *#pɾut͡ʃe̯ˈade# | *#prut͡ʃˈede# {GOLD: #purt͡ʃˈede#}
1043   | #salˈiː# | *#salˈi# | *#sə?0ˈi# | *#sə?1j̊# {GOLD: #sərˈi#}
1044   | #saltˈaː# | *#saltˈa# | *#səltˈa# | *#səltˈa# {GOLD: #səltˈa#}
1045   | #sedˈeː# | *#sedˈe# | *#sedˈe# | *#sedˈe# {GOLD: #ʃede̯ˈa#}
1046   | #stˈaː# | *#stˈa# | *#stˈa# | *#stˈa# {GOLD: #stˈa#}
1047   | #subˈiː# | *#sud͡ʒˈi# | *#sud͡ʒˈi# | *#sud͡ʒj̊# {GOLD: #suˈi#}
1048   | #tenˈeː# | *#tenˈe# | *#tenˈe# | *#tinˈe# {GOLD: #t͡sine̯ˈa#}
1049   | #traːjˈike# | *#trad͡ʒˈet͡ʃe# | *#tɾəd͡ʒe̯ˈat͡ʃe# | *#trəd͡ʒˈet͡ʃe# {GOLD: #trˈet͡ʃe#}
1050   | #wenˈiː# | *#enˈi# | *#eɲˈi# | *#ij̊# {GOLD: #venˈi#}
1051   | #ˌadreːktˈa# | *#adrestˈa# | *#adɾestˈa# | *#adrestˈa# {GOLD: #arətˈa#}
1052   | #applikˈaː# | *#aplekˈa# | *#aplekˈa# | *#aplekˈa# {GOLD: #aplekˈa#}
1053   | #attˈinɡe# | *#atˈend͡ʒe# | *#atˈend͡ʒe# | *#atˈind͡ʒe# {GOLD: #atˈind͡ʒe#}
1054   | #bˈattue# | *#bˈate# | *#bˈate# | *#bˈate# {GOLD: #bˈate#}
1055   | #awkupˈaː# | *#akupˈa# | *#akupˈa# | *#akupˈa# {GOLD: #apukˈa#}
1056   | #kˌomprendˈeː# | *#komprendˈe# | *#kumpɾendˈe# | *#kumprindˈe# {GOLD: #kuprˈinde#}
1057   | #dˈa# | *#dˈa# | *#dˈa# | *#dˈa# {GOLD: #dˈa#}
1058   | #eksbˈattue# | *#sbˈate# | *#sbˈate# | *#sbˈate# {GOLD: #zbˈate#}
1059   | #ekskˈute# | *#skˈute# | *#skˈute# | *#skˈute# {GOLD: #sko̯ˈate#}
1060   | #frikˈaː# | *#frekˈa# | *#fɾekˈa# | *#frekˈa# {GOLD: #frekˈa#}
1061   | #frikaːtˈuːra# | *#frekatˈura# | *#fɾekətˈuɾə# | *#frekətˈurə# {GOLD: #frekətˈurə#}
1062   | #ˌinɡˈannaː# | *#enɡˈanna# | *#enɡˈannə# | *#inɡˈanə# {GOLD: #ɨnɡˈɨna#}
1063   | #laksˈaː# | *#lasˈa# | *#ləsˈa# | *#ləsˈa# {GOLD: #ləsˈa#}
1064   | #pˈoːne# | *#pˈone# | *#pˈune# | *#pˈune# {GOLD: #pˈune#}
1065   | #rˈumpe# | *#rˈumpe# | *#rrˈumpe# | *#rˈumpe# {GOLD: #rˈupe#}
1066   | #skarpinˈaː# | *#skarpenˈa# | *#skəɾpenˈa# | *#skərpɨnˈa# {GOLD: #skərpinˈa#}
1067   | #spˈarɡe# | *#spˈard͡ʒe# | *#spˈaɾd͡ʒe# | *#spˈard͡ʒe# {GOLD: #spˈard͡ʒe#}
1068   | #strˈinɡe# | *#strˈend͡ʒe# | *#stɾˈend͡ʒe# | *#strˈind͡ʒe# {GOLD: #strˈɨnd͡ʒe#}
1069   | #tremulˈaː# | *#tremlˈa# | *#tɾemlˈa# | *#trimlˈa# {GOLD: #tremurˈa#}
1070   | #krˈeːske# | *#krˈest͡ʃe# | *#kɾe̯ˈaʃt͡ʃe# | *#krˈeʃt͡ʃe# {GOLD: #krˈeʃte#}
1071   | #okkaːsionˈaː# | *#okasd͡ʒonˈa# | *#ukəsd͡ʒunˈa# | *#ukɨsʒunˈa# {GOLD: #kəʃunˈa#}
1072   | #sˈortem# | *#sˈorte# | *#so̯ˈaɾte# | *#so̯ˈarte# {GOLD: #so̯ˈartə#}
1073   | #ˌadwˈiks# | *#adˈep# | *#adˈep# | *#adˈep# {GOLD: #abjˈa#}
1074   | #bˈonum# | *#bˈonu# | *#bˈunu# | *#bˈun# {GOLD: #bˈun#}
1075   | #kˈata# | *#kˈata# | *#kˈatə# | *#kˈatə# {GOLD: #kˈate#}
1076   | #kˈum# | *#kˈu# | *#kˈu# | *#k# {GOLD: #kˈu#}
1077   | #fˈoraːs# | *#fˈora# | *#fo̯ˈaɾə# | *#fo̯ˈarə# {GOLD: #fˈərə#}
1078   | #inkˈipe# | *#ent͡ʃˈepe# | *#ent͡ʃe̯ˈape# | *#int͡ʃˈepe# {GOLD: #ɨnt͡ʃˈepe#}
1079   | #potˈeː# | *#potˈe# | *#putˈe# | *#putˈe# {GOLD: #pute̯ˈa#}
1080   | #kwˈaːlem# | *#pˈale# | *#pˈaɾe# | *#pˈare# {GOLD: #kˈare#}
1081   | #kwˈam# | *#pˈa# | *#pˈa# | *#pˈa# {GOLD: #kˈa#}
1082   | #kˈoːmoː# | *#kˈomo# | *#kˈumu# | *#kˈum# {GOLD: #kˈum#}
1083   | #rˈeum# | *#rjˈu# | *#rrjˈu# | *#rj# {GOLD: #rˈəw#}
1084   | #sˈiːk# | *#sˈi# | *#ʃˈi# | *#ʃj̊# {GOLD: #ʃˈi#}
1085   | #seːminˈaː# | *#semnˈa# | *#semnˈa# | *#simnˈa# {GOLD: #semənˈa#}
1086   | #sˈimilem# | *#sˈemle# | *#sˈemle# | *#sˈimle# {GOLD: #se̯ˈamən#}
1087   | #abskˈonde# | *#askˈonde# | *#askˈonde# | *#askˈonde# {GOLD: #askˈunde#}
1088   | #ˌadmikstikˈaː# | *#admstekˈa# | *#admstekˈa# | *#admstekˈa# {GOLD: #amestekˈa#}
1089   | #astˈerne# | *#astˈɛrne# | *#ast͡sˈeɾne# | *#ast͡sˈerne# {GOLD: #aʃtˈerne#}
1090   | #ˌadstupˈaː# | *#astupˈa# | *#astupˈa# | *#astupˈa# {GOLD: #astupˈa#}
1091   | #alliɡˈaː# | *#alleɡˈa# | *#aleɡˈa# | *#aleɡˈa# {GOLD: #aleɡˈa#}
1092   | #apparˈaː# | *#aparˈa# | *#apəɾˈa# | *#apərˈa# {GOLD: #apərˈa#}
1093   | #astruikˈaː# | *#astrekˈa# | *#astɾekˈa# | *#astrekˈa# {GOLD: #astrukˈa#}
1094   | #kawtˈaː# | *#katˈa# | *#kətˈa# | *#kətˈa# {GOLD: #kəwtˈa#}
1095   | #kooperˈiː# | *#koperˈi# | *#kupe?0ˈi# | *#kupe?1j̊# {GOLD: #koperˈi#}
1096   | #krepˈaː# | *#krepˈa# | *#kɾepˈa# | *#krepˈa# {GOLD: #krəpˈa#}
1097   | #kuːrˈaː# | *#kurˈa# | *#kuɾˈa# | *#kurˈa# {GOLD: #kurˈa#}
1098   | #deːspikˈaː# | *#despekˈa# | *#despekˈa# | *#despəkˈa# {GOLD: #despikˈa#}
1099   | #dˈiːriɡe# | *#dˈired͡ʒe# | *#d͡zˈiɾed͡ʒe# | *#zˈired͡ʒe# {GOLD: #drˈed͡ʒe#}
1100   | #diskoperˈiː# | *#dskoperˈi# | *#dskupe?0ˈi# | *#dskupe?1j̊# {GOLD: #deskoperˈi#}
1101   | #ekskurtˈaː# | *#skurtˈa# | *#skuɾtˈa# | *#skurtˈa# {GOLD: #skurtˈa#}
1102   | #ekspulwerˈaː# | *#spulerˈa# | *#spuɾeɾˈa# | *#spurerˈa# {GOLD: #spulberˈa#}
1103   | #ekstˈerɡe# | *#stˈɛrd͡ʒe# | *#st͡se̯ˈaɾd͡ʒe# | *#st͡sˈard͡ʒe# {GOLD: #ʃtˈerd͡ʒe#}
1104   | #ekstˈorkwe# | *#stˈort͡ʃe# | *#sto̯ˈaɾt͡ʃe# | *#sto̯ˈart͡ʃe# {GOLD: #sto̯ˈart͡ʃe#}
1105   | #ekstrakolˈaː# | *#strakolˈa# | *#stɾəkuɾˈa# | *#strəkurˈa# {GOLD: #strekurˈa#}
1106   | #ekstrikˈaː# | *#strekˈa# | *#stɾekˈa# | *#strekˈa# {GOLD: #strikˈa#}
1107   | #fˈake# | *#fˈat͡ʃe# | *#fˈat͡ʃe# | *#fˈat͡ʃe# {GOLD: #fˈat͡ʃe#}
1108   | #frˈanɡe# | *#frˈand͡ʒe# | *#fɾˈand͡ʒe# | *#frˈand͡ʒe# {GOLD: #frˈɨnd͡ʒe#}
1109   | #imbinˈaː# | *#embenˈa# | *#embenˈa# | *#imbɨnˈa# {GOLD: #ɨmbinˈa#}
1110   | #impartˈiː# | *#empartˈi# | *#empəɾt͡sˈi# | *#impərt͡sj̊# {GOLD: #ɨmpərt͡sˈi#}
1111   | #impedikˈaː# | *#empedekˈa# | *#empedekˈa# | *#impedekˈa# {GOLD: #ɨmpjedikˈa#}
1112   | #impˈinɡe# | *#empˈend͡ʒe# | *#empˈend͡ʒe# | *#impˈind͡ʒe# {GOLD: #ɨmpˈind͡ʒe#}
1113   | #implantˈaː# | *#emplantˈa# | *#empləntˈa# | *#implɨntˈa# {GOLD: #ɨmplɨntˈa#}
1114   | #ˈumple# | *#ˈumple# | *#ˈumple# | *#ˈumple# {GOLD: #ˈumple#}
1115   | #impˈunɡe# | *#empˈund͡ʒe# | *#empˈund͡ʒe# | *#impˈund͡ʒe# {GOLD: #ɨmpˈund͡ʒe#}
1116   | #ˌinaltiˈaː# | *#enald͡ʒˈa# | *#enəld͡ʒˈa# | *#inəld͡ʒˈa# {GOLD: #ɨnəlt͡sˈa#}
1117   | #ˌinkirkˈaː# | *#ent͡ʃerkˈa# | *#ent͡ʃeɾkˈa# | *#int͡ʃerkˈa# {GOLD: #ɨnt͡ʃerkˈa#}
1118   | #ˌinklaːwˈaː# | *#enklaˈa# | *#enkʎeˈa# | *#inkjeˈa# {GOLD: #ɨnkejˈa#}
1119   | #inflˈaː# | *#iflˈa# | *#jiflˈa# | *#iflˈa# {GOLD: #umflˈa#}
1120   | #insiɡnˈaː# | *#isennˈa# | *#jisennˈa# | *#isinˈa# {GOLD: #ɨnsemnˈa#}
1121   | #intˈinɡe# | *#entˈend͡ʒe# | *#entˈend͡ʒe# | *#intˈind͡ʒe# {GOLD: #ɨntˈind͡ʒe#}
1122   | #intˈorkwe# | *#entˈort͡ʃe# | *#ento̯ˈaɾt͡ʃe# | *#into̯ˈart͡ʃe# {GOLD: #ɨnto̯ˈart͡ʃe#}
1123   | #inwiˈaː# | *#enbd͡ʒˈa# | *#enbd͡ʒˈa# | *#inbd͡ʒˈa# {GOLD: #ɨmbjˈa#}
1124   | #liɡˈaː# | *#leɡˈa# | *#leɡˈa# | *#leɡˈa# {GOLD: #leɡˈa#}
1125   | #molliˈaː# | *#molld͡ʒˈa# | *#muld͡ʒˈa# | *#muld͡ʒˈa# {GOLD: #mujˈa#}
1126   | #pertˈunde# | *#pertˈunde# | *#peɾtˈunde# | *#pərtˈunde# {GOLD: #pətrˈunde#}
1127   | #rˈade# | *#rˈade# | *#rrˈade# | *#rˈade# {GOLD: #rˈade#}
1128   | #rˈoːde# | *#rˈode# | *#rro̯ˈade# | *#ro̯ˈade# {GOLD: #ro̯ˈade#}
1129   | #subtiliˈaː# | *#suɡteld͡ʒˈa# | *#suɡteld͡ʒˈa# | *#suɡteld͡ʒˈa# {GOLD: #subt͡sjˈa#}
1130   | #taːliˈaː# | *#tald͡ʒˈa# | *#təld͡ʒˈa# | *#təld͡ʒˈa# {GOLD: #təjˈa#}
1131   | #trˈahe# | *#trˈaiː̯# | *#tɾˈaiː̯# | *#trˈaiː̯# {GOLD: #trˈad͡ʒe#}
1132   | #ˈunɡe# | *#ˈund͡ʒe# | *#ˈund͡ʒe# | *#ˈund͡ʒe# {GOLD: #ˈund͡ʒe#}
1133   | #wersˈaː# | *#vsˈa# | *#vsˈa# | *#vsˈa# {GOLD: #vərsˈa#}
1134   | #lukrˈaː# | *#lusrˈa# | *#lusɾˈa# | *#lusrˈa# {GOLD: #lukrˈa#}
1135   | #lˈukrum# | *#lˈupru# | *#lˈupɾu# | *#lˈuprw̍# {GOLD: #lˈukru#}
1136   | #maɡˈistrum# | *#mad͡ʒˈestru# | *#məd͡ʒˈestɾu# | *#məd͡ʒˈestrw̍# {GOLD: #məjˈestru#}
1137   | #ˌinkwiˈeːtum# | *#enkbd͡ʒˈetu# | *#enkbd͡ʒˈetu# | *#inkbd͡ʒˈet# {GOLD: #ɨnt͡ʃˈet#}
1138   | #addˈuːke# | *#adˈut͡ʃe# | *#adˈut͡ʃe# | *#adˈut͡ʃe# {GOLD: #adˈut͡ʃe#}
1139   | #kaballaːrˈikium# | *#kaallarˈed͡zu# | *#kəaɾˈed͡zu# | *#kəarˈez# {GOLD: #kələrˈet͡s#}
1140   | #kaballˈaːrem# | *#kaallˈare# | *#kəalˈaɾe# | *#kəalˈare# {GOLD: #kəlˈare#}
1141   | #karrˈaː# | *#karrˈa# | *#kərrˈa# | *#kɨrˈa# {GOLD: #kərˈa#}
1142   | #diskaballikˈaː# | *#dskaallekˈa# | *#dskəalekˈa# | *#dskəalekˈa# {GOLD: #deskəlekˈa#}
1143   | #dˈuːke# | *#dˈut͡ʃe# | *#dˈut͡ʃe# | *#dˈut͡ʃe# {GOLD: #dˈut͡ʃe#}
1144   | #infreːnˈaː# | *#ifrenˈa# | *#jifɾenˈa# | *#ifrinˈa# {GOLD: #ɨnfrɨnˈa#}
1145   | #mutˈaː# | *#mutˈa# | *#mutˈa# | *#mutˈa# {GOLD: #mutˈa#}
1146   | #portˈaː# | *#portˈa# | *#puɾtˈa# | *#purtˈa# {GOLD: #purtˈa#}
1147   | #traɡinˈaː# | *#trad͡ʒenˈa# | *#tɾəd͡ʒenˈa# | *#trəd͡ʒinˈa# {GOLD: #trəɡənˈa#}
1148   | #traːmˈitte# | *#tramˈete# | *#tɾəme̯ˈate# | *#trəmˈate# {GOLD: #trimˈite#}
1149   | #bukkˈellam# | *#but͡ʃˈɛlla# | *#but͡ʃe̯ˈawə# | *#but͡ʃe̯ˈawə# {GOLD: #but͡ʃe̯ˈa#}
1150   | #kapˈistrum# | *#kapˈestru# | *#kəpˈestɾu# | *#kəpˈəstrw̍# {GOLD: #kəpˈəstru#}
1151   | #kˈarrum# | *#kˈarru# | *#kˈarru# | *#kˈar# {GOLD: #kˈar#}
1152   | #kˈinɡulam# | *#t͡ʃˈenɡula# | *#t͡ʃˈenɡuɾə# | *#t͡ʃˈinɡurə# {GOLD: #kˈinɡə#}
1153   | #inkarrikatˈuːram# | *#enkarrekatˈura# | *#enkərrekətˈuɾə# | *#inkɨrəkətˈurə# {GOLD: #ɨnkərkətˈurə#}
1154   | #lˈuntrem# | *#lˈuntre# | *#lˈuntɾe# | *#lˈuntre# {GOLD: #lˈuntre#}
1155   | #pˈedika# | *#pˈɛdeka# | *#pje̯ˈadekə# | *#pjˈedekə# {GOLD: #pjˈedikə#}
1156   | #pʰˌɑlˈɑnɡɑ# | *#pɑlˈɑnɡɑ# | *#pəɾˈɑnɡə# | *#pərˈɑnɡə# {GOLD: #pərˈɨnɡə#}
1157   | #rˈota# | *#rˈota# | *#rro̯ˈatə# | *#ro̯ˈatə# {GOLD: #ro̯ˈatə#}
1158   | #sˈarkinam# | *#sˈart͡ʃena# | *#sˈaɾt͡ʃenə# | *#sˈart͡ʃinə# {GOLD: #sˈart͡ʃinə#}
1159   | #sˈellam# | *#sˈɛlla# | *#ʃe̯ˈawə# | *#ʃˈawə# {GOLD: #ʃˈa#}
1160   | #kˈallem# | *#kˈalle# | *#kˈale# | *#kˈale# {GOLD: #kˈale#}
1161   | #karrˈaːriam# | *#karrˈard͡ʒa# | *#kərrˈaɾd͡ʒə# | *#kɨrˈard͡ʒə# {GOLD: #kərˈare#}
1162   | #pˈontum# | *#pˈontu# | *#pˈontu# | *#pˈont# {GOLD: #pˈunte#}
1163   | #kˈerne# | *#t͡ʃˈɛrne# | *#t͡ʃˈeɾne# | *#t͡ʃˈerne# {GOLD: #t͡ʃˈerne#}
1164   | #kollˈiɡe# | *#kollˈed͡ʒe# | *#kule̯ˈad͡ʒe# | *#kulˈed͡ʒe# {GOLD: #kulˈed͡ʒe#}
1165   | #kuːrˈaː# | *#kurˈa# | *#kuɾˈa# | *#kurˈa# {GOLD: #kurˈa#}
1166   | #maːkʰinˈaː# | *#mat͡ʃenˈa# | *#mət͡ʃenˈa# | *#mət͡ʃinˈa# {GOLD: #mət͡ʃinˈa#}
1167   | #piːnsˈaː# | *#pisˈa# | *#pesˈa# | *#pəsˈa# {GOLD: #pisˈa#}
1168   | #sappˈaː# | *#sapˈa# | *#səpˈa# | *#səpˈa# {GOLD: #səpˈa#}
1169   | #tribulˈaː# | *#treɡulˈa# | *#tɾeɡuɾˈa# | *#treɡurˈa# {GOLD: #trejerˈa#}
1170   | #wentilˈaː# | *#entelˈa# | *#enteɾˈa# | *#interˈa# {GOLD: #vɨnturˈa#}
1171   | #mˈola# | *#mˈola# | *#mo̯ˈaɾə# | *#mo̯ˈarə# {GOLD: #mo̯ˈarə#}
1172   | #pˈaːlum# | *#pˈalu# | *#pˈaɾu# | *#pˈar# {GOLD: #pˈar#}
1173   | #sˈappam# | *#sˈapa# | *#sˈapə# | *#sˈapə# {GOLD: #sˈapə#}
1174   | #sˈikilem# | *#sˈet͡ʃele# | *#se̯ˈat͡ʃeɾe# | *#sˈet͡ʃere# {GOLD: #sˈet͡ʃerə#}
1175   | #ˈaːream# | *#ˈard͡ʒa# | *#ˈaɾd͡ʒə# | *#ˈard͡ʒə# {GOLD: #ˈarje#}
1176   | #kˈampum# | *#kˈampu# | *#kˈampu# | *#kˈamp# {GOLD: #kˈɨmp#}
1177   | #pˈorkam# | *#pˈorka# | *#po̯ˈaɾkə# | *#po̯ˈarkə# {GOLD: #po̯ˈarkə#}
1178   | #rˈunkum# | *#rˈunku# | *#rrˈunku# | *#rˈunk# {GOLD: #rˈunk#}
1179   | #seːminaːtˈuːram# | *#semnatˈura# | *#semnətˈuɾə# | *#simnətˈurə# {GOLD: #semənətˈurə#}
1180   | #tˈerram# | *#tˈɛrra# | *#t͡se̯ˈarrə# | *#t͡sˈarə# {GOLD: #t͡sˈarə#}
1181   | #wˈiːneam# | *#ˈind͡ʒa# | *#jˈind͡ʒə# | *#ˈind͡ʒə# {GOLD: #vˈije#}
1182   | #liɡaːtˈuːram# | *#leɡatˈura# | *#leɡətˈuɾə# | *#leɡətˈurə# {GOLD: #leɡətˈurə#}
1183   | #manˈukulum# | *#manˈukulu# | *#mənˈukuɾu# | *#mɨnˈukur# {GOLD: #mənˈukj#}
1184   | #sˈiram# | *#sˈera# | *#se̯ˈaɾə# | *#se̯ˈarə# {GOLD: #ʃˈirə#}
1185   | #adakwˈaː# | *#adapˈa# | *#adəpˈa# | *#adəpˈa# {GOLD: #adəpˈa#}
1186   | #minˈaː# | *#menˈa# | *#menˈa# | *#mɨnˈa# {GOLD: #mɨnˈa#}
1187   | #mulɡˈeː# | *#muld͡ʒˈe# | *#muld͡ʒˈe# | *#muld͡ʒˈe# {GOLD: #mˈuld͡ʒe#}
1188   | #pˈaːske# | *#pˈast͡ʃe# | *#pˈaʃt͡ʃe# | *#pˈaʃt͡ʃe# {GOLD: #pˈaʃte#}
1189   | #ˌinsiɡnˈaː# | *#isennˈa# | *#jisennˈa# | *#isinˈa# {GOLD: #ɨnsemnˈa#}
1190   | #tondˈeː# | *#tondˈe# | *#tundˈe# | *#tundˈe# {GOLD: #tundˈe#}
1191   | #fˈenum# | *#fˈɛnu# | *#fjˈenu# | *#fˈin# {GOLD: #fˈɨn#}
1192   | #hiːbernˈaː# | *#iernˈa# | *#jieɾnˈa# | *#iernˈa# {GOLD: #jernˈa#}
1193   | #jˈuɡum# | *#d͡ʒˈuɡu# | *#d͡ʒˈuɡu# | *#ʒˈuɡ# {GOLD: #ʒˈuɡ#}
1194   | #nuːtrˈiːkium# | *#nutrˈid͡zu# | *#nut?0ˈid͡zu# | *#nut?1ˈiz# {GOLD: #nutrˈet͡s#}
1195   | #pastiˈoːnem# | *#pasd͡ʒˈone# | *#pəsd͡ʒˈune# | *#pɨsʒˈune# {GOLD: #pəʃˈune#}
1196   | #stˈabulum# | *#stˈaɡulu# | *#stˈaɡuɾu# | *#stˈaɡur# {GOLD: #stˈawl#}
1197   | #stimulˈaːria# | *#stemlˈard͡ʒa# | *#stemlˈaɾd͡ʒə# | *#stimlˈard͡ʒə# {GOLD: #strəmurˈare#}
1198   | #tˈurma# | *#tˈurma# | *#tˈuɾmə# | *#tˈurmə# {GOLD: #tˈurmə#}
1199   | #wakkarˈitia# | *#akarˈed͡za# | *#akəɾe̯ˈad͡zə# | *#akəre̯ˈazə# {GOLD: #vəkəre̯ˈat͡sə#}
1200   | #bowˈaːrium# | *#boˈard͡ʒu# | *#buˈaɾd͡ʒu# | *#buˈarʒ# {GOLD: #bo̯ˈar#}
1201   | #pastˈoːrem# | *#pastˈore# | *#pəsto̯ˈaɾe# | *#pɨsto̯ˈare# {GOLD: #pəstˈor#}
1202   | #porkˈaːrium# | *#porkˈard͡ʒu# | *#puɾkˈaɾd͡ʒu# | *#purkˈarʒ# {GOLD: #purkˈar#}
1203   | #kˈaːseum# | *#kˈasd͡ʒu# | *#kˈasd͡ʒu# | *#kˈasʒ# {GOLD: #kˈaʃ#}
1204   | #kˈeːra# | *#t͡ʃˈera# | *#t͡ʃe̯ˈaɾə# | *#t͡ʃe̯ˈarə# {GOLD: #t͡ʃe̯ˈarə#}
1205   | #koˈaːɡulum# | *#pˈaɡulu# | *#pˈaɡuɾu# | *#pˈaɡur# {GOLD: #ke̯ˈaɡ#}
1206   | #fawˈulum# | *#faˈulu# | *#fəˈuɾu# | *#fəˈur# {GOLD: #faɡˈur#}
1207   | #fˈawum# | *#fˈau# | *#fˈau# | *#fˈa# {GOLD: #fˈaɡ#}
1208   | #frˈuːktum# | *#frˈuptu# | *#fɾˈuptu# | *#frˈupt# {GOLD: #frˈupt#}
1209   | #inkoaːɡulˈaː# | *#empaɡulˈa# | *#empəɡuɾˈa# | *#impəɡurˈa# {GOLD: #ɨnkeɡˈa#}
1210   | #mˈelem# | *#mˈɛle# | *#mje̯ˈaɾe# | *#mjˈere# {GOLD: #mjˈere#}
1211   | #paːstˈuːram# | *#pastˈura# | *#pəstˈuɾə# | *#pɨstˈurə# {GOLD: #pəstˈurə#}
1212   | #stˈupum# | *#stˈupu# | *#stˈupu# | *#stˈup# {GOLD: #stˈup#}
1213   | #sˈuːkum# | *#sˈuku# | *#sˈuku# | *#sˈuk# {GOLD: #usˈuk#}
1214   | #ˈuːnktum# | *#ˈuntu# | *#ˈuntu# | *#ˈunt# {GOLD: #ˈunt#}
1215   | #uːnktˈuːram# | *#untˈura# | *#untˈuɾə# | *#untˈurə# {GOLD: #untˈurə#}
1216   | #ˌekspantikˈaː# | *#spantekˈa# | *#spəntekˈa# | *#spɨntekˈa# {GOLD: #spintekˈa#}
1217   | #weːnˈaːriː# | *#enˈari# | *#enˈa?0i# | *#inˈa?1j̊# {GOLD: #vɨnˈa#}
1218   | #weːnaːtˈoːrem# | *#enatˈore# | *#enəto̯ˈaɾe# | *#inəto̯ˈare# {GOLD: #vɨnətˈor#}
1219   | #weːnaːtˈoːriam# | *#enatˈord͡ʒa# | *#enəto̯ˈaɾd͡ʒə# | *#inəto̯ˈard͡ʒə# {GOLD: #vɨnəto̯ˈare#}
1220   | #deːspoliˈaː# | *#despold͡ʒˈa# | *#despuld͡ʒˈa# | *#despuld͡ʒˈa# {GOLD: #despujˈa#}
1221   | #ˌinfrˈanɡe# | *#ifrˈand͡ʒe# | *#jifɾˈand͡ʒe# | *#ifrˈand͡ʒe# {GOLD: #ɨnfrˈɨnd͡ʒe#}
1222   | #ˌinfrontˈaː# | *#ifrontˈa# | *#jifɾuntˈa# | *#ifruntˈa# {GOLD: #ɨnfruntˈa#}
1223   | #ˌinwˈinke# | *#enˈent͡ʃe# | *#enˈent͡ʃe# | *#inˈint͡ʃe# {GOLD: #ɨnvˈind͡ʒe#}
1224   | #lˈuːktam# | *#lˈupta# | *#lˈuptə# | *#lˈuptə# {GOLD: #lˈuptə#}
1225   | #luktˈaːriː# | *#lustˈari# | *#lustˈa?0i# | *#lustˈa?1j̊# {GOLD: #luptˈa#}
1226   | #prae̯dˈaː# | *#prae̯dˈa# | *#pɾəe̯dˈa# | *#prəe̯dˈa# {GOLD: #prədˈa#}
1227   | #rapˈiː# | *#rapˈi# | *#rrəpjˈi# | *#rəpj̊# {GOLD: #rəpˈi#}
1228   | #saɡittˈaː# | *#sad͡ʒetˈa# | *#səd͡ʒetˈa# | *#səd͡ʒetˈa# {GOLD: #səd͡ʒetˈa#}
1229   | #suppˈoːne# | *#supˈone# | *#supˈune# | *#supˈune# {GOLD: #supˈune#}
1230   | #saɡˈitta# | *#sad͡ʒˈeta# | *#səd͡ʒe̯ˈatə# | *#səd͡ʒe̯ˈatə# {GOLD: #səd͡ʒe̯ˈatə#}
1231   | #skˈutum# | *#skˈutu# | *#skˈutu# | *#skˈut# {GOLD: #skˈut#}
1232   | #tʰˈeːka# | *#tˈeka# | *#te̯ˈakə# | *#te̯ˈakə# {GOLD: #te̯ˈakə#}
1233   | #zˈawa# | *#zˈaa# | *#za# | *#za# {GOLD: #zˈa#}
1234   | #pˈaːkem# | *#pˈat͡ʃe# | *#pˈat͡ʃe# | *#pˈat͡ʃe# {GOLD: #pˈat͡ʃe#}
1235   | #prˈae̯da# | *#prˈae̯da# | *#pɾˈae̯də# | *#prˈae̯də# {GOLD: #prˈadə#}
1236   | #kˈaiulum# | *#t͡ʃˈɛlu# | *#t͡ʃˈeɾu# | *#t͡ʃˈer# {GOLD: #kˈajer#}
1237   | #kˈannulam# | *#kˈannula# | *#kˈannuɾə# | *#kˈanurə# {GOLD: #kˈanurə#}
1238   | #depaːnˈaː# | *#depanˈa# | *#depənˈa# | *#depɨnˈa# {GOLD: #depənˈa#}
1239   | #folliˈoːlum# | *#folld͡ʒˈolu# | *#fuld͡ʒˈoɾu# | *#fulʒˈor# {GOLD: #fujˈor#}
1240   | #fˈurka# | *#fˈurka# | *#fˈuɾkə# | *#fˈurkə# {GOLD: #fˈurkə#}
1241   | #fustikˈellum# | *#fustet͡ʃˈɛllu# | *#fustet͡ʃˈelu# | *#fustet͡ʃˈel# {GOLD: #fuʃtˈel#}
1242   | #fustˈellum# | *#fustˈɛllu# | *#fust͡sˈelu# | *#fust͡sˈel# {GOLD: #fuʃt͡ʃˈel#}
1243   | #fˈuːsum# | *#fˈusu# | *#fˈusu# | *#fˈus# {GOLD: #fˈus#}
1244   | #ɡlˈemus# | *#ɡlˈɛmu# | *#ɡʎˈemu# | *#ɡˈim# {GOLD: #ɡjˈem#}
1245   | #ˌinkolikˈaː# | *#enkolekˈa# | *#enkuɾekˈa# | *#inkurekˈa# {GOLD: #ɨnkurkˈa#}
1246   | #sˈuːbulum# | *#sˈuɡulu# | *#sˈuɡuɾu# | *#sˈuɡur# {GOLD: #sˈul#}
1247   | #nˈoːdum# | *#nˈodu# | *#nˈodu# | *#nˈod# {GOLD: #nˈod#}
1248   | #oːrdˈiː# | *#ordˈi# | *#uɾd͡zˈi# | *#urzj̊# {GOLD: #urzˈi#}
1249   | #pˈae̯nulam# | *#pˈae̯nula# | *#pˈae̯nuɾə# | *#pˈae̯nurə# {GOLD: #pˈənurə#}
1250   | #pˈedinum# | *#pˈɛdenu# | *#pje̯ˈadenu# | *#pjˈedin# {GOLD: #pjˈedin#}
1251   | #pˈiːllam# | *#pˈilla# | *#pjˈiwə# | *#pˈiwə# {GOLD: #pˈiwə#}
1252   | #raskulˈaː# | *#raskulˈa# | *#rrəskuɾˈa# | *#rɨskurˈa# {GOLD: #rəʃkjˈa#}
1253   | #retˈeː# | *#retˈe# | *#rretˈe# | *#rətˈe# {GOLD: #ret͡se̯ˈa#}
1254   | #spˈatʰam# | *#spˈata# | *#spˈatə# | *#spˈatə# {GOLD: #spˈatə#}
1255   | #skwˈaːmam# | *#spˈama# | *#spˈəmə# | *#spˈəmə# {GOLD: #skˈamə#}
1256   | #stˈuppam# | *#stˈupa# | *#stˈupə# | *#stˈupə# {GOLD: #stˈupə#}
1257   | #tendˈikulam# | *#tendˈekula# | *#tende̯ˈakuɾə# | *#tinde̯ˈakurə# {GOLD: #tindˈeke#}
1258   | #tˈekse# | *#tˈɛpse# | *#t͡se̯ˈapse# | *#t͡sˈapse# {GOLD: #t͡sˈese#}
1259   | #tˈorkwe# | *#tˈort͡ʃe# | *#to̯ˈaɾt͡ʃe# | *#to̯ˈart͡ʃe# {GOLD: #to̯ˈart͡ʃe#}
1260   | #tˈortum# | *#tˈortu# | *#tˈoɾtu# | *#tˈort# {GOLD: #tˈort#}
1261   | #ˈasklam# | *#ˈaskla# | *#ˈaskʎe# | *#ˈaskje# {GOLD: #ˈaʃkje#}
1262   | #dˈoɡam# | *#dˈoɡa# | *#do̯ˈaɡə# | *#do̯ˈaɡə# {GOLD: #do̯ˈaɡə#}
1263   | #doɡˈaːrium# | *#doɡˈard͡ʒu# | *#duɡˈaɾd͡ʒu# | *#duɡˈarʒ# {GOLD: #doɡˈar#}
1264   | #dolˈaː# | *#dolˈa# | *#duɾˈa# | *#durˈa# {GOLD: #durˈa#}
1265   | #liɡnˈaːrium# | *#lennˈard͡ʒu# | *#lennˈaɾd͡ʒu# | *#linˈarʒ# {GOLD: #lemnˈar#}
1266   | #mˈalleum# | *#mˈalld͡ʒu# | *#mˈald͡ʒu# | *#mˈalʒ# {GOLD: #mˈaj#}
1267   | #pˈaːlum# | *#pˈalu# | *#pˈaɾu# | *#pˈar# {GOLD: #pˈar#}
1268   | #skandˈulam# | *#skandˈula# | *#skəndˈuɾə# | *#skɨndˈurə# {GOLD: #skɨndˈurə#}
1269   | #sekˈuːrem# | *#sekˈure# | *#sekˈuɾe# | *#sekˈure# {GOLD: #sekˈure#}
1270   | #arɡentˈaːrium# | *#ard͡ʒentˈard͡ʒu# | *#aɾd͡ʒentˈaɾd͡ʒu# | *#ard͡ʒintˈarʒ# {GOLD: #ard͡ʒintˈar#}
1271   | #awrˈaːrium# | *#awrˈard͡ʒu# | *#awɾˈaɾd͡ʒu# | *#awrˈarʒ# {GOLD: #awrˈar#}
1272   | #klˈaːwem# | *#klˈae# | *#kʎˈae# | *#kjˈae# {GOLD: #kˈeje#}
1273   | #fˈabrum# | *#fˈawru# | *#fˈawɾu# | *#fˈawr# {GOLD: #fˈawr#}
1274   | #ferrˈaːrium# | *#ferrˈard͡ʒu# | *#ferrˈaɾd͡ʒu# | *#fɨrˈarʒ# {GOLD: #fjerˈar#}
1275   | #fˈollem# | *#fˈolle# | *#fo̯ˈale# | *#fo̯ˈale# {GOLD: #fo̯ˈale#}
1276   | #lˈaːminam# | *#lˈamna# | *#lˈamnə# | *#lˈamnə# {GOLD: #lˈamurə#}
1277   | #ˈalweum# | *#ˈalbd͡ʒu# | *#ˈalbd͡ʒu# | *#ˈalbʒ# {GOLD: #ˈalbje#}
1278   | #bˈuttem# | *#bˈute# | *#bˈute# | *#bˈute# {GOLD: #bˈute#}
1279   | #kaldˈaːriam# | *#kaldˈard͡ʒa# | *#kəldˈaɾd͡ʒə# | *#kəldˈard͡ʒə# {GOLD: #kəldˈare#}
1280   | #kˈuppam# | *#kˈupa# | *#kˈupə# | *#kˈupə# {GOLD: #kˈupə#}
1281   | #ɡallˈeːtam# | *#ɡallˈeta# | *#ɡəle̯ˈatə# | *#ɡəle̯ˈatə# {GOLD: #ɡəle̯ˈatə#}
1282   | #ˈoːllam# | *#ˈolla# | *#o̯ˈawə# | *#o̯ˈawə# {GOLD: #o̯ˈalə#}
1283   | #oːllˈaːrium# | *#ollˈard͡ʒu# | *#ulˈaɾd͡ʒu# | *#ulˈarʒ# {GOLD: #olˈar#}
1284   | #oːllikˈellam# | *#ollet͡ʃˈɛlla# | *#ulet͡ʃe̯ˈawə# | *#ulet͡ʃe̯ˈawə# {GOLD: #ult͡ʃe̯ˈa#}
1285   | #sˈakkum# | *#sˈaku# | *#sˈaku# | *#sˈak# {GOLD: #sˈak#}
1286   | #tˈestum# | *#tˈɛstu# | *#t͡sˈestu# | *#t͡sˈest# {GOLD: #t͡sˈest#}
1287   | #urkeˈolum# | *#urd͡ʒˈolu# | *#uɾd͡ʒˈoɾu# | *#urʒˈor# {GOLD: #urt͡ʃˈor#}
1288   | #wˈaːsum# | *#ˈasu# | *#ˈasu# | *#ˈas# {GOLD: #vˈas#}
1289   | #bˈaiulum# | *#bˈɛlu# | *#bjˈeɾu# | *#bjˈer# {GOLD: #bˈajer#}
1290   | #korrˈiɡiam# | *#korrˈed͡za# | *#kurre̯ˈad͡zə# | *#kure̯ˈazə# {GOLD: #kure̯ˈa#}
1291   | #kotˈiːtum# | *#kotˈitu# | *#kut͡sˈitu# | *#kut͡sˈit# {GOLD: #kut͡sˈit#}
1292   | #ɡrˈaːtim# | *#ɡrˈati# | *#ɡɾˈat͡si# | *#ɡrˈat͡sj̊# {GOLD: #ɡrˈatje#}
1293   | #fˈimbriam# | *#fˈembrd͡ʒa# | *#fˈembɾd͡ʒə# | *#fˈəmbrd͡ʒə# {GOLD: #frɨnɡˈije#}
1294   | #fˈorfikem# | *#fˈorfet͡ʃe# | *#fo̯ˈaɾfet͡ʃe# | *#fo̯ˈarfet͡ʃe# {GOLD: #fo̯ˈarfet͡ʃe#}
1295   | #fˈuːnem# | *#fˈune# | *#fˈune# | *#fˈune# {GOLD: #fˈunje#}
1296   | #lawatˈuːram# | *#laatˈura# | *#ləatˈuɾə# | *#ləatˈurə# {GOLD: #lətˈurə#}
1297   | #liksˈiːwiam# | *#lsˈid͡ʒa# | *#lʃˈid͡ʒə# | *#lʃˈid͡ʒə# {GOLD: #leʃˈije#}
1298   | #spˈuːmam# | *#spˈuma# | *#spˈumə# | *#spˈumə# {GOLD: #spˈumə#}
1299   | #sˈuːbulam# | *#sˈuɡula# | *#sˈuɡuɾə# | *#sˈuɡurə# {GOLD: #sˈulə#}
1300   | #tˈortam# | *#tˈorta# | *#to̯ˈaɾtə# | *#to̯ˈartə# {GOLD: #to̯ˈartə#}
1301   | #klaːmˈa# | *#klamˈa# | *#kʎemˈa# | *#kimˈa# {GOLD: #kemˈa#}
1302   | #konwˈentum# | *#konˈɛntu# | *#kunˈentu# | *#kunˈint# {GOLD: #kuvˈɨnt#}
1303   | #dˈiːke# | *#dˈit͡ʃe# | *#d͡zˈit͡ʃe# | *#zˈit͡ʃe# {GOLD: #zˈit͡ʃe#}
1304   | #ekspˈoːne# | *#spˈone# | *#spˈune# | *#spˈune# {GOLD: #spˈune#}
1305   | #inɡannˈaː# | *#enɡannˈa# | *#enɡənnˈa# | *#inɡɨnˈa# {GOLD: #ɨnɡɨnˈa#}
1306   | #lˈinɡwa# | *#lˈemba# | *#lˈembə# | *#lˈimbə# {GOLD: #lˈimbə#}
1307   | #nˈoːmen# | *#nˈome# | *#nˈume# | *#nˈume# {GOLD: #nˈume#}
1308   | #oːrˈaː# | *#orˈa# | *#uɾˈa# | *#urˈa# {GOLD: #urˈa#}
1309   | #respˈonde# | *#rspˈonde# | *#rrspˈonde# | *#rspˈonde# {GOLD: #rəspˈunde#}
1310   | #striɡˈaː# | *#streɡˈa# | *#stɾeɡˈa# | *#streɡˈa# {GOLD: #striɡˈa#}
1311   | #prehˈende# | *#prjˈɛnde# | *#p?0ˈende# | *#p?1ˈinde# {GOLD: #prˈinde#}
1312   | #habˈeː# | *#aˈe# | *#aˈe# | *#aˈe# {GOLD: #ave̯ˈa#}
1313   | #habˈeːbat# | *#aˈea# | *#ae̯a# | *#ae̯a# {GOLD: #ave̯ˈa#}
1314   | #kˈae̯lum# | *#kˈae̯lu# | *#kˈae̯ɾu# | *#kˈae̯r# {GOLD: #t͡ʃˈer#}
1315   | #dˈae̯dam# | *#dˈae̯da# | *#dˈae̯də# | *#dˈae̯də# {GOLD: #zˈadə#}
1316   | #fˈae̯num# | *#fˈae̯nu# | *#fˈae̯nu# | *#fˈae̯n# {GOLD: #fˈɨn#}
1317   | #fˈoe̯tum# | *#fwˈetu# | *#fwˈetu# | *#fwˈet# {GOLD: #fˈət#}
1318   | #fˈoe̯ta# | *#fwˈeta# | *#fwe̯ˈatə# | *#fwe̯ˈatə# {GOLD: #fˈatə#}
1319   | #askultˈaː# | *#askultˈa# | *#askultˈa# | *#askultˈa# {GOLD: #askultˈa#}
1320   | #kwˈem# | *#t͡ʃˈɛ# | *#t͡ʃˈe# | *#t͡ʃˈe# {GOLD: #t͡ʃˈine#}
1321   | #pˈeːnsum# | *#pˈesu# | *#pˈesu# | *#pˈəs# {GOLD: #pˈəs#}
1322   | #prˈeːnsum# | *#prˈesu# | *#pɾˈesu# | *#prˈes# {GOLD: #prˈins#}
1323   | #respˈoːnsum# | *#rspˈosu# | *#rrspˈosu# | *#rspˈos# {GOLD: #rəspˈuns#}
1324   | #oːrˈikulam# | *#orˈekula# | *#uɾe̯ˈakuɾə# | *#ure̯ˈakurə# {GOLD: #urˈeke#}
1325   | #ˈokulum# | *#ˈokulu# | *#ˈokuɾu# | *#ˈokur# {GOLD: #ˈokj#}
1326   | #dˈominum# | *#dˈomnu# | *#dˈomnu# | *#dˈomn# {GOLD: #dˈomn#}
1327   | #dˈomina# | *#dˈomna# | *#dˈomnə# | *#dˈomnə# {GOLD: #do̯ˈamnə#}
1328   | #wˈiridem# | *#ˈerede# | *#e̯ˈaɾede# | *#ˈerede# {GOLD: #vˈerde#}
1329   | #kˈaput# | *#kˈapu# | *#kˈapu# | *#kˈap# {GOLD: #kˈap#}
1330   | #tˈenet# | *#tˈɛne# | *#t͡sˈene# | *#t͡sˈine# {GOLD: #t͡sˈine#}
1331   | #wˈidet# | *#ˈede# | *#e̯ˈade# | *#ˈede# {GOLD: #vˈede#}
1332   | #rˈiːdet# | *#rˈide# | *#rrjˈide# | *#rˈide# {GOLD: #rˈɨde#}
1333   | #dˈuːk# | *#dˈu# | *#dˈu# | *#d# {GOLD: #dˈu#}
1334   | #sˈanɡwen# | *#sˈand͡ʒe# | *#sˈand͡ʒe# | *#sˈand͡ʒe# {GOLD: #sˈɨnd͡ʒe#}
1335   | #nˈon# | *#nˈo# | *#nˈo# | *#nˈo# {GOLD: #nˈu#}
1336   | #mˈel# | *#mˈɛle# | *#mje̯ˈaɾe# | *#mjˈere# {GOLD: #mjˈere#}
1337   | #fˈel# | *#fˈɛle# | *#fje̯ˈaɾe# | *#fjˈere# {GOLD: #fjˈere#}
1338   | #sˈal# | *#sˈale# | *#sˈaɾe# | *#sˈare# {GOLD: #sˈare#}
1339   | #ˈinter# | *#ˈentre# | *#ˈentɾe# | *#ˈintre# {GOLD: #ˈɨntre#}
1340   | #pˈer# | *#prˈɛ# | *#p?0ˈe# | *#p?1ˈe# {GOLD: #pˈe#}
1341   | #wˈekka# | *#ˈɛka# | *#je̯ˈakə# | *#jˈakə# {GOLD: #vˈakə#}
1342   | #ˈoːwum# | *#ˈou# | *#ˈou# | *#ˈo# {GOLD: #ˈow#}
1343   | #kˈerwum# | *#t͡ʃˈɛru# | *#t͡ʃˈeɾu# | *#t͡ʃˈer# {GOLD: #t͡ʃˈerb#}
1344   | #juːrˈaː# | *#d͡ʒurˈa# | *#d͡ʒuɾˈa# | *#ʒurˈa# {GOLD: #ʒurˈa#}
1345   | #jˈoːwis# | *#d͡ʒˈoi# | *#d͡ʒˈoji# | *#ʒˈoj̊# {GOLD: #ʒˈoj#}
1346   | #frˈaːnktum# | *#frˈantu# | *#fɾˈantu# | *#frˈant# {GOLD: #frˈɨnt#}
1347   | #dˈorsum# | *#dˈosu# | *#dˈosu# | *#dˈos# {GOLD: #dˈos#}
1348   | #deˈorsum# | *#d͡ʒˈosu# | *#d͡ʒˈosu# | *#ʒˈos# {GOLD: #ʒˈos#}
1349   | #pˈersikam# | *#pˈɛseka# | *#pje̯ˈasekə# | *#pjˈesekə# {GOLD: #pjˈersekə#}
1350   | #sˈeptem# | *#sˈɛpte# | *#ʃe̯ˈapte# | *#ʃˈapte# {GOLD: #ʃˈapte#}
1351   | #kˈoksam# | *#kˈopsa# | *#ko̯ˈapsə# | *#ko̯ˈapsə# {GOLD: #ko̯ˈapsə#}
1352   | #frˈiːksi# | *#frˈipsi# | *#f?0ˈipʃi# | *#f?1ˈipʃj̊# {GOLD: #frˈipse#}
1353   | #lˈaktem# | *#lˈapte# | *#lˈapte# | *#lˈapte# {GOLD: #lˈapte#}
1354   | #fˈaktum# | *#fˈaptu# | *#fˈaptu# | *#fˈapt# {GOLD: #fˈapt#}
1355   | #lˈukto# | *#lˈupto# | *#lˈuptu# | *#lˈupt# {GOLD: #lˈupt#}
1356   | #pˈektinem# | *#pˈɛptene# | *#pje̯ˈaptene# | *#pjˈeptine# {GOLD: #pjˈeptene#}
1357   | #pˈektum# | *#pˈɛptu# | *#pjˈeptu# | *#pjˈept# {GOLD: #pjˈept#}
1358   | #dˈiɡnum# | *#dˈemnu# | *#dˈemnu# | *#dˈimn# {GOLD: #dˈemn#}
1359   | #lˈiɡnum# | *#lˈemnu# | *#lˈemnu# | *#lˈimn# {GOLD: #lˈemn#}
1360   | #pˈuɡnum# | *#pˈumnu# | *#pˈumnu# | *#pˈumn# {GOLD: #pˈumn#}
1361   | #eksˈiː# | *#sˈi# | *#ʃˈi# | *#ʃj̊# {GOLD: #jeʃˈi#}
1362   | #fraksinˈeːtum# | *#frasenˈetu# | *#fɾəsenˈetu# | *#frəsinˈet# {GOLD: #frəsinˈet#}
1363   | #koɡnˈaːtum# | *#konnˈatu# | *#kunnˈatu# | *#kunˈat# {GOLD: #kumnˈat#}
1364   | #ˈakwa# | *#ˈapa# | *#ˈapə# | *#ˈapə# {GOLD: #ˈapə#}
1365   | #ˈekwa# | *#ˈɛpa# | *#je̯ˈapə# | *#jˈapə# {GOLD: #jˈapə#}
1366   | #lˈinɡwa# | *#lˈemba# | *#lˈembə# | *#lˈimbə# {GOLD: #lˈimbə#}
1367   | #ˌinterroɡˈaː# | *#enterroɡˈa# | *#enterruɡˈa# | *#interuɡˈa# {GOLD: #ɨntrebˈa#}
1368   | #skˈalam# | *#skˈala# | *#skˈaɾə# | *#skˈarə# {GOLD: #skˈarə#}
1369   | #mulˈierem# | *#mulere# | *#muɾeɾe# | *#murere# {GOLD: #mujˈere#}
1370   | #parˈietem# | *#parete# | *#pəɾete# | *#pərete# {GOLD: #perˈete#}
1371   | #lˈakweum# | *#lˈakbd͡ʒu# | *#lˈakbd͡ʒu# | *#lˈakbʒ# {GOLD: #lˈat͡s#}
1372   | #kamˈisiam# | *#kamˈesd͡ʒa# | *#kəme̯ˈasd͡ʒə# | *#kəmˈasd͡ʒə# {GOLD: #kəmˈaʃə#}
1373   | #ɡlˈakiam# | *#ɡlˈad͡za# | *#ɡʎˈad͡zə# | *#ɡjˈazə# {GOLD: #ɡe̯ˈat͡sə#}
1374   | #bˈene# | *#bˈɛne# | *#bjˈene# | *#bˈine# {GOLD: #bˈine#}
1375   | #fˈerrum# | *#fˈɛrru# | *#fjˈerru# | *#fjˈer# {GOLD: #fjˈer#}
1376   | #fˈakitis# | *#fˈat͡ʃeti# | *#fˈat͡ʃet͡si# | *#fˈat͡ʃet͡sj̊# {GOLD: #fˈat͡ʃet͡sj#}
1377   | #pˈilum# | *#pˈelu# | *#pˈeɾu# | *#pˈər# {GOLD: #pˈər#}
1378   | #pˈirum# | *#pˈeru# | *#pˈeɾu# | *#pˈər# {GOLD: #pˈər#}
1379   | #wˈeːnam# | *#ˈena# | *#ˈenə# | *#ˈinə# {GOLD: #vˈɨnə#}
1380   | #fˈeːtam# | *#fˈeta# | *#fe̯ˈatə# | *#fˈatə# {GOLD: #fˈatə#}
1381   | #mˈeːnsam# | *#mˈesa# | *#me̯ˈasə# | *#mˈasə# {GOLD: #mˈasə#}
1382   | #kˈuneum# | *#kˈund͡ʒu# | *#kˈund͡ʒu# | *#kˈunʒ# {GOLD: #kˈuj#}
1383   | #wˈiːnum# | *#ˈinu# | *#jˈinu# | *#ˈin# {GOLD: #vˈin#}
1384   | #speːrˈaː# | *#sperˈa# | *#speɾˈa# | *#spərˈa# {GOLD: #sperˈa#}
1385   | #estraːpˈunɡe# | *#strapˈund͡ʒe# | *#stɾəpˈund͡ʒe# | *#strəpˈund͡ʒe# {GOLD: #strəpˈund͡ʒe#}
1386   | #kwˈerrum# | *#t͡ʃˈɛrru# | *#t͡ʃˈerru# | *#t͡ʃˈer# {GOLD: #t͡ʃˈer#}
1387   | #rˈiːwum# | *#rˈiu# | *#rrjˈiu# | *#rˈi# {GOLD: #rˈɨw#}
1388   | #kˈokwe# | *#kˈot͡ʃe# | *#ko̯ˈat͡ʃe# | *#ko̯ˈat͡ʃe# {GOLD: #ko̯ˈat͡ʃe#}
1389   | #ˈunɡwe# | *#ˈund͡ʒe# | *#ˈund͡ʒe# | *#ˈund͡ʒe# {GOLD: #ˈund͡ʒe#}
1390   | #adjuːtˈaː# | *#ad͡ʒutˈa# | *#ad͡ʒutˈa# | *#aʒutˈa# {GOLD: #aʒutˈa#}
1391   | #fˈakiam# | *#fˈad͡za# | *#fˈad͡zə# | *#fˈazə# {GOLD: #fˈat͡sə#}
1392   | #rˈobeum# | *#rˈod͡zu# | *#rrˈod͡zu# | *#rˈoz# {GOLD: #rˈojb#}
1393   | #ˈabia# | *#ˈad͡za# | *#ˈad͡zə# | *#ˈazə# {GOLD: #ˈajbə#}
1394   | #skˈabiam# | *#skˈad͡za# | *#skˈad͡zə# | *#skˈazə# {GOLD: #skˈajbə#}
1395   | #stˈablum# | *#stˈawlu# | *#stˈawɾu# | *#stˈawr# {GOLD: #stˈawl#}
1396   | #kˈiːbrum# | *#t͡ʃˈiwru# | *#t͡ʃˈiwɾu# | *#t͡ʃˈiwr# {GOLD: #t͡ʃˈur#}
1397   | #skˈamnum# | *#skˈamnu# | *#skˈamnu# | *#skˈamn# {GOLD: #skˈawn#}
1398   | #dˈamnam# | *#dˈamna# | *#dˈamnə# | *#dˈamnə# {GOLD: #dˈawnə#}
1399   | #ˈuːber# | *#ˈuwre# | *#ˈuwɾe# | *#ˈuwre# {GOLD: #ˈud͡ʒer#}
1400   | #nˈebulam# | *#nˈɛɡula# | *#ɲe̯ˈaɡuɾə# | *#jˈaɡurə# {GOLD: #nˈeɡurə#}
1401   | #rˈubum# | *#rˈuɡu# | *#rrˈuɡu# | *#rˈuɡ# {GOLD: #rˈuɡ#}
1402   | #nˈae̯wum# | *#nˈae̯u# | *#nˈae̯u# | *#nˈae̯# {GOLD: #nˈeɡ#}
1403   | #awˈunkulum# | *#aˈunkulu# | *#aˈunkuɾu# | *#aˈunkur# {GOLD: #ˈunkj#}
1404   | #bˈibe# | *#bˈee# | *#be̯ˈae# | *#bˈae# {GOLD: #be̯ˈa#}
1405   | #addˈuːkoː# | *#adˈuko# | *#adˈuku# | *#adˈuk# {GOLD: #adˈuk#}
1406   | #ˈannum# | *#ˈannu# | *#ˈannu# | *#ˈan# {GOLD: #ˈan#}
1407   | #skˈioː# | *#st͡ʃˈo# | *#ʃt͡ʃˈo# | *#ʃʃˈo# {GOLD: #ʃtjˈu#}
1408   | #skˈiːs# | *#st͡ʃˈij# | *#ʃt͡ʃˈij# | *#ʃt͡ʃˈij# {GOLD: #ʃtˈij#}
1409   | #nˈos# | *#nˈoj# | *#nˈoj# | *#nˈoj# {GOLD: #nˈoj#}
1410   | #wˈos# | *#ˈoj# | *#ˈoj# | *#ˈoj# {GOLD: #vˈoj#}
1411   | #trˈes# | *#trˈɛj# | *#t?0ˈej# | *#t?1ˈej# {GOLD: #trˈej#}
1412   | #ˈaudiːs# | *#ˈawdi# | *#ˈawd͡zi# | *#ˈawzj̊# {GOLD: #ˈawzj#}
1413   | #kˈasae̯# | *#kˈasae̯# | *#kˈasəe̯# | *#kˈasəe̯# {GOLD: #kˈase#}
1414   | #lˈupiː# | *#lˈupi# | *#lˈupji# | *#lˈupj̊# {GOLD: #lˈupj#}
1415   | #lˈinɡwam# | *#lˈemba# | *#lˈembə# | *#lˈimbə# {GOLD: #lˈimbə#}
1416   | #kwˈandoː# | *#pˈando# | *#pˈandu# | *#pˈand# {GOLD: #kˈɨnd#}
1417   | #ˈeste# | *#ˈɛste# | *#je̯ˈaste# | *#jˈeste# {GOLD: #jˈeste#}
1418   | #ˈille# | *#ˈelle# | *#e̯ˈale# | *#ˈele# {GOLD: #jˈel#}
1419   | #ˈilla# | *#ˈella# | *#e̯ˈawə# | *#e̯ˈawə# {GOLD: #jˈa#}
1420   | #ˈilliː# | *#ˈelli# | *#ˈeʎi# | *#ˈej̊# {GOLD: #jˈej#}
1421   | #ˈillae̯# | *#ˈellae̯# | *#e̯ˈawəe̯# | *#e̯ˈawəe̯# {GOLD: #jˈele#}
1422   | #ˈeo# | *#jˈo# | *#jˈo# | *#jˈo# {GOLD: #jˈew#}
1423   | #ˈe# | *#ˈɛ# | *#jˈe# | *#jˈe# {GOLD: #jˈe#}
1424   | #ˈera# | *#ˈɛra# | *#je̯ˈaɾə# | *#jˈarə# {GOLD: #jerˈa#}
1425   | #nˈiɡrum# | *#nˈeɡru# | *#nˈeɡɾu# | *#nˈeɡrw̍# {GOLD: #nˈeɡru#}
1426   | #nˈiɡram# | *#nˈeɡra# | *#ne̯ˈaɡɾə# | *#ne̯ˈaɡrə# {GOLD: #ne̯ˈaɡrə#}
1427   | #nˈiɡrae̯# | *#nˈeɡrae̯# | *#ne̯ˈaɡɾəe̯# | *#ne̯ˈaɡrəe̯# {GOLD: #nˈeɡre#}
1428   | #sˈeːram# | *#sˈera# | *#se̯ˈaɾə# | *#se̯ˈarə# {GOLD: #se̯ˈarə#}
1429   | #dˈekem# | *#dˈɛt͡ʃe# | *#d͡ze̯ˈat͡ʃe# | *#zˈet͡ʃe# {GOLD: #zˈet͡ʃe#}
1430   | #mˈollam# | *#mˈolla# | *#mo̯ˈawə# | *#mo̯ˈawə# {GOLD: #mo̯ˈalə#}
1431   | #stˈeːllam# | *#stˈella# | *#ste̯ˈawə# | *#ste̯ˈawə# {GOLD: #ste̯ˈa#}
1432   | #pˈennam# | *#pˈɛnna# | *#pjˈennə# | *#pˈinə# {GOLD: #pˈanə#}
1433   | #bˈonam# | *#bˈona# | *#bˈunə# | *#bˈunə# {GOLD: #bˈunə#}
1434   | #mˈea# | *#mjˈa# | *#mjˈa# | *#mjˈa# {GOLD: #me̯ˈa#}
1435   | #mˈontem# | *#mˈonte# | *#mˈonte# | *#mˈonte# {GOLD: #mˈunte#}
1436   | #ɡallˈiːnam# | *#ɡallˈina# | *#ɡəʎˈinə# | *#ɡəˈinə# {GOLD: #ɡəˈinə#}
1437   | #parˈentem# | *#parˈɛnte# | *#pəɾˈente# | *#pərˈinte# {GOLD: #pərˈinte#}
1438   | #saːnitˈaːtem# | *#sanetˈate# | *#sənetˈate# | *#sɨnetˈate# {GOLD: #sənətˈate#}
1439   | #kiːwitˈaːtem# | *#t͡ʃietˈate# | *#t͡ʃietˈate# | *#t͡ʃietˈate# {GOLD: #t͡ʃetˈate#}
1440   | #dˈiːkoː# | *#dˈiko# | *#d͡zˈiku# | *#zˈik# {GOLD: #zˈik#}
1441   | #sˈessum# | *#sˈɛsu# | *#ʃˈesu# | *#ʃˈes# {GOLD: #ʃˈes#}
1442   | #patˈiː# | *#patˈi# | *#pət͡sˈi# | *#pət͡sj̊# {GOLD: #pət͡sˈi#}
1443   | #ekskˈawum# | *#skˈau# | *#skˈau# | *#skˈa# {GOLD: #skˈəw#}
1444   | #ekskoriˈaː# | *#skord͡ʒˈa# | *#skuɾd͡ʒˈa# | *#skurd͡ʒˈa# {GOLD: #zɡɨrjˈa#}
1445   | #ekstrapˈunɡe# | *#strapˈund͡ʒe# | *#stɾəpˈund͡ʒe# | *#strəpˈund͡ʒe# {GOLD: #strəpˈund͡ʒe#}
1446   | #kwˈae̯roː# | *#pˈae̯ro# | *#pˈae̯ɾu# | *#pˈae̯r# {GOLD: #t͡ʃˈer#}
1447   | #tˈempum# | *#tˈɛmpu# | *#tˈempu# | *#tˈimp# {GOLD: #tˈimp#}
1448   | #famˈiliam# | *#famˈeld͡ʒa# | *#fəme̯ˈald͡ʒə# | *#fəmˈald͡ʒə# {GOLD: #fəmˈeje#}